丈,onyomi: 1 kunyomi: 1
与,onyomi: 1 kunyomi: 1
丘,onyomi: 1 kunyomi: 1
乏,onyomi: 1 kunyomi: 1
亀,onyomi: 1 kunyomi: 1
争,onyomi: 1 kunyomi: 1
互,onyomi: 1 kunyomi: 1
仏,onyomi: 1 kunyomi: 1
他,onyomi: 1 kunyomi: 1
仲,onyomi: 1 kunyomi: 1
企,onyomi: 1 kunyomi: 1
伺,onyomi: 1 kunyomi: 1
似,onyomi: 1 kunyomi: 1
位,onyomi: 1 kunyomi: 1
併,onyomi: 1 kunyomi: 1
使,onyomi: 1 kunyomi: 1
例,onyomi: 1 kunyomi: 1
侍,onyomi: 1 kunyomi: 1
価,onyomi: 1 kunyomi: 1
侮,onyomi: 1 kunyomi: 1
侵,onyomi: 1 kunyomi: 1
促,onyomi: 1 kunyomi: 1
保,onyomi: 1 kunyomi: 1
俵,onyomi: 1 kunyomi: 1
倉,onyomi: 1 kunyomi: 1
候,onyomi: 1 kunyomi: 1
借,onyomi: 1 kunyomi: 1
倣,onyomi: 1 kunyomi: 1
偉,onyomi: 1 kunyomi: 1
偏,onyomi: 1 kunyomi: 1
健,onyomi: 1 kunyomi: 1
側,onyomi: 1 kunyomi: 1
傍,onyomi: 1 kunyomi: 1
傘,onyomi: 1 kunyomi: 1
催,onyomi: 1 kunyomi: 1
働,onyomi: 1 kunyomi: 1
償,onyomi: 1 kunyomi: 1
充,onyomi: 1 kunyomi: 1
先,onyomi: 1 kunyomi: 1
免,onyomi: 1 kunyomi: 1
公,onyomi: 1 kunyomi: 1
共,onyomi: 1 kunyomi: 1
兼,onyomi: 1 kunyomi: 1
円,onyomi: 1 kunyomi: 1
冒,onyomi: 1 kunyomi: 1
冠,onyomi: 1 kunyomi: 1
冬,onyomi: 1 kunyomi: 1
刀,onyomi: 1 kunyomi: 1
刃,onyomi: 1 kunyomi: 1
別,onyomi: 1 kunyomi: 1
利,onyomi: 1 kunyomi: 1
刷,onyomi: 1 kunyomi: 1
刻,onyomi: 1 kunyomi: 1
削,onyomi: 1 kunyomi: 1
前,onyomi: 1 kunyomi: 1
剣,onyomi: 1 kunyomi: 1
創,onyomi: 1 kunyomi: 1
劣,onyomi: 1 kunyomi: 1
努,onyomi: 1 kunyomi: 1
効,onyomi: 1 kunyomi: 1
勇,onyomi: 1 kunyomi: 1
募,onyomi: 1 kunyomi: 1
勢,onyomi: 1 kunyomi: 1
勧,onyomi: 1 kunyomi: 1
包,onyomi: 1 kunyomi: 1
北,onyomi: 1 kunyomi: 1
匹,onyomi: 1 kunyomi: 1
千,onyomi: 1 kunyomi: 1
升,onyomi: 1 kunyomi: 1
半,onyomi: 1 kunyomi: 1
印,onyomi: 1 kunyomi: 1
卵,onyomi: 1 kunyomi: 1
厚,onyomi: 1 kunyomi: 1
原,onyomi: 1 kunyomi: 1
参,onyomi: 1 kunyomi: 1
友,onyomi: 1 kunyomi: 1
双,onyomi: 1 kunyomi: 1
取,onyomi: 1 kunyomi: 1
叫,onyomi: 1 kunyomi: 1
召,onyomi: 1 kunyomi: 1
各,onyomi: 1 kunyomi: 1
同,onyomi: 1 kunyomi: 1
吐,onyomi: 1 kunyomi: 1
君,onyomi: 1 kunyomi: 1
否,onyomi: 1 kunyomi: 1
吸,onyomi: 1 kunyomi: 1
吹,onyomi: 1 kunyomi: 1
告,onyomi: 1 kunyomi: 1
周,onyomi: 1 kunyomi: 1
呼,onyomi: 1 kunyomi: 1
品,onyomi: 1 kunyomi: 1
唆,onyomi: 1 kunyomi: 1
唇,onyomi: 1 kunyomi: 1
唐,onyomi: 1 kunyomi: 1
唱,onyomi: 1 kunyomi: 1
商,onyomi: 1 kunyomi: 1
善,onyomi: 1 kunyomi: 1
喜,onyomi: 1 kunyomi: 1
喪,onyomi: 1 kunyomi: 1
営,onyomi: 1 kunyomi: 1
器,onyomi: 1 kunyomi: 1
噴,onyomi: 1 kunyomi: 1
因,onyomi: 1 kunyomi: 1
困,onyomi: 1 kunyomi: 1
国,onyomi: 1 kunyomi: 1
園,onyomi: 1 kunyomi: 1
在,onyomi: 1 kunyomi: 1
坂,onyomi: 1 kunyomi: 1
型,onyomi: 1 kunyomi: 1
城,onyomi: 1 kunyomi: 1
培,onyomi: 1 kunyomi: 1
堅,onyomi: 1 kunyomi: 1
堤,onyomi: 1 kunyomi: 1
堪,onyomi: 1 kunyomi: 1
報,onyomi: 1 kunyomi: 1
場,onyomi: 1 kunyomi: 1
塊,onyomi: 1 kunyomi: 1
塗,onyomi: 1 kunyomi: 1
塩,onyomi: 1 kunyomi: 1
墓,onyomi: 1 kunyomi: 1
墨,onyomi: 1 kunyomi: 1
壁,onyomi: 1 kunyomi: 1
夕,onyomi: 1 kunyomi: 1
多,onyomi: 1 kunyomi: 1
夢,onyomi: 1 kunyomi: 1
失,onyomi: 1 kunyomi: 1
奏,onyomi: 1 kunyomi: 1
契,onyomi: 1 kunyomi: 1
奥,onyomi: 1 kunyomi: 1
奪,onyomi: 1 kunyomi: 1
奮,onyomi: 1 kunyomi: 1
妨,onyomi: 1 kunyomi: 1
妹,onyomi: 1 kunyomi: 1
妻,onyomi: 1 kunyomi: 1
姉,onyomi: 1 kunyomi: 1
委,onyomi: 1 kunyomi: 1
姿,onyomi: 1 kunyomi: 1
婿,onyomi: 1 kunyomi: 1
字,onyomi: 1 kunyomi: 1
学,onyomi: 1 kunyomi: 1
孫,onyomi: 1 kunyomi: 1
安,onyomi: 1 kunyomi: 1
宝,onyomi: 1 kunyomi: 1
室,onyomi: 1 kunyomi: 1
宵,onyomi: 1 kunyomi: 1
寒,onyomi: 1 kunyomi: 1
寺,onyomi: 1 kunyomi: 1
寿,onyomi: 1 kunyomi: 1
専,onyomi: 1 kunyomi: 1
射,onyomi: 1 kunyomi: 1
尋,onyomi: 1 kunyomi: 1
導,onyomi: 1 kunyomi: 1
尼,onyomi: 1 kunyomi: 1
尾,onyomi: 1 kunyomi: 1
居,onyomi: 1 kunyomi: 1
屋,onyomi: 1 kunyomi: 1
履,onyomi: 1 kunyomi: 1
山,onyomi: 1 kunyomi: 1
岩,onyomi: 1 kunyomi: 1
岳,onyomi: 1 kunyomi: 1
岸,onyomi: 1 kunyomi: 1
峰,onyomi: 1 kunyomi: 1
島,onyomi: 1 kunyomi: 1
川,onyomi: 1 kunyomi: 1
州,onyomi: 1 kunyomi: 1
巡,onyomi: 1 kunyomi: 1
巣,onyomi: 1 kunyomi: 1
左,onyomi: 1 kunyomi: 1
巧,onyomi: 1 kunyomi: 1
差,onyomi: 1 kunyomi: 1
市,onyomi: 1 kunyomi: 1
布,onyomi: 1 kunyomi: 1
帆,onyomi: 1 kunyomi: 1
幅,onyomi: 1 kunyomi: 1
年,onyomi: 1 kunyomi: 1
幹,onyomi: 1 kunyomi: 1
幻,onyomi: 1 kunyomi: 1
幼,onyomi: 1 kunyomi: 1
幾,onyomi: 1 kunyomi: 1
底,onyomi: 1 kunyomi: 1
店,onyomi: 1 kunyomi: 1
座,onyomi: 1 kunyomi: 1
庭,onyomi: 1 kunyomi: 1
弁,onyomi: 1 kunyomi: 1
弓,onyomi: 1 kunyomi: 1
弔,onyomi: 1 kunyomi: 1
弦,onyomi: 1 kunyomi: 1
張,onyomi: 1 kunyomi: 1
彩,onyomi: 1 kunyomi: 1
彫,onyomi: 1 kunyomi: 1
影,onyomi: 1 kunyomi: 1
待,onyomi: 1 kunyomi: 1
心,onyomi: 1 kunyomi: 1
必,onyomi: 1 kunyomi: 1
忘,onyomi: 1 kunyomi: 1
忙,onyomi: 1 kunyomi: 1
応,onyomi: 1 kunyomi: 1
快,onyomi: 1 kunyomi: 1
怖,onyomi: 1 kunyomi: 1
思,onyomi: 1 kunyomi: 1
急,onyomi: 1 kunyomi: 1
恭,onyomi: 1 kunyomi: 1
息,onyomi: 1 kunyomi: 1
悟,onyomi: 1 kunyomi: 1
患,onyomi: 1 kunyomi: 1
悼,onyomi: 1 kunyomi: 1
惑,onyomi: 1 kunyomi: 1
愚,onyomi: 1 kunyomi: 1
慈,onyomi: 1 kunyomi: 1
慎,onyomi: 1 kunyomi: 1
慕,onyomi: 1 kunyomi: 1
憤,onyomi: 1 kunyomi: 1
懇,onyomi: 1 kunyomi: 1
戒,onyomi: 1 kunyomi: 1
戯,onyomi: 1 kunyomi: 1
戸,onyomi: 1 kunyomi: 1
房,onyomi: 1 kunyomi: 1
所,onyomi: 1 kunyomi: 1
扇,onyomi: 1 kunyomi: 1
扉,onyomi: 1 kunyomi: 1
打,onyomi: 1 kunyomi: 1
払,onyomi: 1 kunyomi: 1
承,onyomi: 1 kunyomi: 1
技,onyomi: 1 kunyomi: 1
抑,onyomi: 1 kunyomi: 1
投,onyomi: 1 kunyomi: 1
拒,onyomi: 1 kunyomi: 1
拙,onyomi: 1 kunyomi: 1
招,onyomi: 1 kunyomi: 1
拝,onyomi: 1 kunyomi: 1
持,onyomi: 1 kunyomi: 1
挑,onyomi: 1 kunyomi: 1
挿,onyomi: 1 kunyomi: 1
捜,onyomi: 1 kunyomi: 1
捨,onyomi: 1 kunyomi: 1
掃,onyomi: 1 kunyomi: 1
掘,onyomi: 1 kunyomi: 1
採,onyomi: 1 kunyomi: 1
接,onyomi: 1 kunyomi: 1
控,onyomi: 1 kunyomi: 1
推,onyomi: 1 kunyomi: 1
掲,onyomi: 1 kunyomi: 1
提,onyomi: 1 kunyomi: 1
握,onyomi: 1 kunyomi: 1
搾,onyomi: 1 kunyomi: 1
摘,onyomi: 1 kunyomi: 1
撃,onyomi: 1 kunyomi: 1
撮,onyomi: 1 kunyomi: 1
支,onyomi: 1 kunyomi: 1
攻,onyomi: 1 kunyomi: 1
故,onyomi: 1 kunyomi: 1
救,onyomi: 1 kunyomi: 1
敗,onyomi: 1 kunyomi: 1
敬,onyomi: 1 kunyomi: 1
敵,onyomi: 1 kunyomi: 1
敷,onyomi: 1 kunyomi: 1
斜,onyomi: 1 kunyomi: 1
方,onyomi: 1 kunyomi: 1
旅,onyomi: 1 kunyomi: 1
旗,onyomi: 1 kunyomi: 1
既,onyomi: 1 kunyomi: 1
旨,onyomi: 1 kunyomi: 1
昇,onyomi: 1 kunyomi: 1
春,onyomi: 1 kunyomi: 1
昼,onyomi: 1 kunyomi: 1
時,onyomi: 1 kunyomi: 1
暁,onyomi: 1 kunyomi: 1
暇,onyomi: 1 kunyomi: 1
暑,onyomi: 1 kunyomi: 1
暗,onyomi: 1 kunyomi: 1
暦,onyomi: 1 kunyomi: 1
曇,onyomi: 1 kunyomi: 1
書,onyomi: 1 kunyomi: 1
最,onyomi: 1 kunyomi: 1
朗,onyomi: 1 kunyomi: 1
朝,onyomi: 1 kunyomi: 1
本,onyomi: 1 kunyomi: 1
札,onyomi: 1 kunyomi: 1
机,onyomi: 1 kunyomi: 1
朽,onyomi: 1 kunyomi: 1
村,onyomi: 1 kunyomi: 1
束,onyomi: 1 kunyomi: 1
杯,onyomi: 1 kunyomi: 1
東,onyomi: 1 kunyomi: 1
松,onyomi: 1 kunyomi: 1
林,onyomi: 1 kunyomi: 1
枝,onyomi: 1 kunyomi: 1
柱,onyomi: 1 kunyomi: 1
柳,onyomi: 1 kunyomi: 1
根,onyomi: 1 kunyomi: 1
桃,onyomi: 1 kunyomi: 1
桑,onyomi: 1 kunyomi: 1
桜,onyomi: 1 kunyomi: 1
梅,onyomi: 1 kunyomi: 1
森,onyomi: 1 kunyomi: 1
様,onyomi: 1 kunyomi: 1
横,onyomi: 1 kunyomi: 1
橋,onyomi: 1 kunyomi: 1
機,onyomi: 1 kunyomi: 1
欺,onyomi: 1 kunyomi: 1
歯,onyomi: 1 kunyomi: 1
死,onyomi: 1 kunyomi: 1
殊,onyomi: 1 kunyomi: 1
殴,onyomi: 1 kunyomi: 1
殻,onyomi: 1 kunyomi: 1
母,onyomi: 1 kunyomi: 1
比,onyomi: 1 kunyomi: 1
毛,onyomi: 1 kunyomi: 1
氏,onyomi: 1 kunyomi: 1
民,onyomi: 1 kunyomi: 1
水,onyomi: 1 kunyomi: 1
永,onyomi: 1 kunyomi: 1
汁,onyomi: 1 kunyomi: 1
求,onyomi: 1 kunyomi: 1
汗,onyomi: 1 kunyomi: 1
江,onyomi: 1 kunyomi: 1
池,onyomi: 1 kunyomi: 1
沖,onyomi: 1 kunyomi: 1
沢,onyomi: 1 kunyomi: 1
河,onyomi: 1 kunyomi: 1
油,onyomi: 1 kunyomi: 1
沼,onyomi: 1 kunyomi: 1
沿,onyomi: 1 kunyomi: 1
泉,onyomi: 1 kunyomi: 1
泡,onyomi: 1 kunyomi: 1
波,onyomi: 1 kunyomi: 1
泣,onyomi: 1 kunyomi: 1
泥,onyomi: 1 kunyomi: 1
注,onyomi: 1 kunyomi: 1
泳,onyomi: 1 kunyomi: 1
洗,onyomi: 1 kunyomi: 1
洞,onyomi: 1 kunyomi: 1
津,onyomi: 1 kunyomi: 1
浅,onyomi: 1 kunyomi: 1
浜,onyomi: 1 kunyomi: 1
海,onyomi: 1 kunyomi: 1
涙,onyomi: 1 kunyomi: 1
淡,onyomi: 1 kunyomi: 1
渇,onyomi: 1 kunyomi: 1
渦,onyomi: 1 kunyomi: 1
測,onyomi: 1 kunyomi: 1
港,onyomi: 1 kunyomi: 1
湖,onyomi: 1 kunyomi: 1
湯,onyomi: 1 kunyomi: 1
源,onyomi: 1 kunyomi: 1
溝,onyomi: 1 kunyomi: 1
滞,onyomi: 1 kunyomi: 1
漂,onyomi: 1 kunyomi: 1
漆,onyomi: 1 kunyomi: 1
潔,onyomi: 1 kunyomi: 1
潮,onyomi: 1 kunyomi: 1
激,onyomi: 1 kunyomi: 1
濃,onyomi: 1 kunyomi: 1
灯,onyomi: 1 kunyomi: 1
灰,onyomi: 1 kunyomi: 1
災,onyomi: 1 kunyomi: 1
炊,onyomi: 1 kunyomi: 1
炎,onyomi: 1 kunyomi: 1
炭,onyomi: 1 kunyomi: 1
熟,onyomi: 1 kunyomi: 1
熱,onyomi: 1 kunyomi: 1
父,onyomi: 1 kunyomi: 1
片,onyomi: 1 kunyomi: 1
牛,onyomi: 1 kunyomi: 1
牧,onyomi: 1 kunyomi: 1
犬,onyomi: 1 kunyomi: 1
犯,onyomi: 1 kunyomi: 1
独,onyomi: 1 kunyomi: 1
猫,onyomi: 1 kunyomi: 1
猿,onyomi: 1 kunyomi: 1
獣,onyomi: 1 kunyomi: 1
獲,onyomi: 1 kunyomi: 1
玉,onyomi: 1 kunyomi: 1
珍,onyomi: 1 kunyomi: 1
球,onyomi: 1 kunyomi: 1
琴,onyomi: 1 kunyomi: 1
瓦,onyomi: 1 kunyomi: 1
用,onyomi: 1 kunyomi: 1
田,onyomi: 1 kunyomi: 1
申,onyomi: 1 kunyomi: 1
町,onyomi: 1 kunyomi: 1
異,onyomi: 1 kunyomi: 1
疑,onyomi: 1 kunyomi: 1
疲,onyomi: 1 kunyomi: 1
癖,onyomi: 1 kunyomi: 1
的,onyomi: 1 kunyomi: 1
皆,onyomi: 1 kunyomi: 1
皮,onyomi: 1 kunyomi: 1
盗,onyomi: 1 kunyomi: 1
盾,onyomi: 1 kunyomi: 1
真,onyomi: 1 kunyomi: 1
眺,onyomi: 1 kunyomi: 1
瞬,onyomi: 1 kunyomi: 1
瞳,onyomi: 1 kunyomi: 1
矛,onyomi: 1 kunyomi: 1
矢,onyomi: 1 kunyomi: 1
知,onyomi: 1 kunyomi: 1
短,onyomi: 1 kunyomi: 1
矯,onyomi: 1 kunyomi: 1
研,onyomi: 1 kunyomi: 1
硬,onyomi: 1 kunyomi: 1
磨,onyomi: 1 kunyomi: 1
礎,onyomi: 1 kunyomi: 1
社,onyomi: 1 kunyomi: 1
祈,onyomi: 1 kunyomi: 1
秀,onyomi: 1 kunyomi: 1
秋,onyomi: 1 kunyomi: 1
秘,onyomi: 1 kunyomi: 1
程,onyomi: 1 kunyomi: 1
種,onyomi: 1 kunyomi: 1
稼,onyomi: 1 kunyomi: 1
穂,onyomi: 1 kunyomi: 1
穏,onyomi: 1 kunyomi: 1
穴,onyomi: 1 kunyomi: 1
究,onyomi: 1 kunyomi: 1
突,onyomi: 1 kunyomi: 1
窓,onyomi: 1 kunyomi: 1
窯,onyomi: 1 kunyomi: 1
竜,onyomi: 1 kunyomi: 1
童,onyomi: 1 kunyomi: 1
竹,onyomi: 1 kunyomi: 1
笛,onyomi: 1 kunyomi: 1
筆,onyomi: 1 kunyomi: 1
等,onyomi: 1 kunyomi: 1
筋,onyomi: 1 kunyomi: 1
筒,onyomi: 1 kunyomi: 1
管,onyomi: 1 kunyomi: 1
築,onyomi: 1 kunyomi: 1
粋,onyomi: 1 kunyomi: 1
粒,onyomi: 1 kunyomi: 1
粗,onyomi: 1 kunyomi: 1
粘,onyomi: 1 kunyomi: 1
糸,onyomi: 1 kunyomi: 1
紙,onyomi: 1 kunyomi: 1
紡,onyomi: 1 kunyomi: 1
紫,onyomi: 1 kunyomi: 1
統,onyomi: 1 kunyomi: 1
絹,onyomi: 1 kunyomi: 1
継,onyomi: 1 kunyomi: 1
綱,onyomi: 1 kunyomi: 1
網,onyomi: 1 kunyomi: 1
綿,onyomi: 1 kunyomi: 1
編,onyomi: 1 kunyomi: 1
練,onyomi: 1 kunyomi: 1
縁,onyomi: 1 kunyomi: 1
縄,onyomi: 1 kunyomi: 1
縛,onyomi: 1 kunyomi: 1
縦,onyomi: 1 kunyomi: 1
縫,onyomi: 1 kunyomi: 1
繕,onyomi: 1 kunyomi: 1
繭,onyomi: 1 kunyomi: 1
罪,onyomi: 1 kunyomi: 1
置,onyomi: 1 kunyomi: 1
羊,onyomi: 1 kunyomi: 1
美,onyomi: 1 kunyomi: 1
習,onyomi: 1 kunyomi: 1
翼,onyomi: 1 kunyomi: 1
考,onyomi: 1 kunyomi: 1
者,onyomi: 1 kunyomi: 1
耐,onyomi: 1 kunyomi: 1
耕,onyomi: 1 kunyomi: 1
耳,onyomi: 1 kunyomi: 1
聴,onyomi: 1 kunyomi: 1
肝,onyomi: 1 kunyomi: 1
肩,onyomi: 1 kunyomi: 1
脂,onyomi: 1 kunyomi: 1
腕,onyomi: 1 kunyomi: 1
腰,onyomi: 1 kunyomi: 1
腹,onyomi: 1 kunyomi: 1
臨,onyomi: 1 kunyomi: 1
至,onyomi: 1 kunyomi: 1
致,onyomi: 1 kunyomi: 1
舌,onyomi: 1 kunyomi: 1
良,onyomi: 1 kunyomi: 1
艶,onyomi: 1 kunyomi: 1
花,onyomi: 1 kunyomi: 1
芳,onyomi: 1 kunyomi: 1
芽,onyomi: 1 kunyomi: 1
茂,onyomi: 1 kunyomi: 1
茎,onyomi: 1 kunyomi: 1
草,onyomi: 1 kunyomi: 1
荷,onyomi: 1 kunyomi: 1
菜,onyomi: 1 kunyomi: 1
葉,onyomi: 1 kunyomi: 1
葬,onyomi: 1 kunyomi: 1
蓄,onyomi: 1 kunyomi: 1
蔵,onyomi: 1 kunyomi: 1
薦,onyomi: 1 kunyomi: 1
薪,onyomi: 1 kunyomi: 1
薫,onyomi: 1 kunyomi: 1
薬,onyomi: 1 kunyomi: 1
藤,onyomi: 1 kunyomi: 1
藻,onyomi: 1 kunyomi: 1
虎,onyomi: 1 kunyomi: 1
虐,onyomi: 1 kunyomi: 1
虫,onyomi: 1 kunyomi: 1
蚕,onyomi: 1 kunyomi: 1
蛍,onyomi: 1 kunyomi: 1
血,onyomi: 1 kunyomi: 1
衣,onyomi: 1 kunyomi: 1
衰,onyomi: 1 kunyomi: 1
袋,onyomi: 1 kunyomi: 1
袖,onyomi: 1 kunyomi: 1
被,onyomi: 1 kunyomi: 1
裏,onyomi: 1 kunyomi: 1
補,onyomi: 1 kunyomi: 1
裸,onyomi: 1 kunyomi: 1
褒,onyomi: 1 kunyomi: 1
襟,onyomi: 1 kunyomi: 1
襲,onyomi: 1 kunyomi: 1
討,onyomi: 1 kunyomi: 1
記,onyomi: 1 kunyomi: 1
設,onyomi: 1 kunyomi: 1
許,onyomi: 1 kunyomi: 1
訳,onyomi: 1 kunyomi: 1
訴,onyomi: 1 kunyomi: 1
診,onyomi: 1 kunyomi: 1
詔,onyomi: 1 kunyomi: 1
詠,onyomi: 1 kunyomi: 1
詳,onyomi: 1 kunyomi: 1
誇,onyomi: 1 kunyomi: 1
誉,onyomi: 1 kunyomi: 1
認,onyomi: 1 kunyomi: 1
誓,onyomi: 1 kunyomi: 1
誘,onyomi: 1 kunyomi: 1
誠,onyomi: 1 kunyomi: 1
誤,onyomi: 1 kunyomi: 1
諭,onyomi: 1 kunyomi: 1
諮,onyomi: 1 kunyomi: 1
謝,onyomi: 1 kunyomi: 1
謹,onyomi: 1 kunyomi: 1
譲,onyomi: 1 kunyomi: 1
谷,onyomi: 1 kunyomi: 1
豊,onyomi: 1 kunyomi: 1
豚,onyomi: 1 kunyomi: 1
貫,onyomi: 1 kunyomi: 1
責,onyomi: 1 kunyomi: 1
買,onyomi: 1 kunyomi: 1
貸,onyomi: 1 kunyomi: 1
賄,onyomi: 1 kunyomi: 1
賜,onyomi: 1 kunyomi: 1
賢,onyomi: 1 kunyomi: 1
賭,onyomi: 1 kunyomi: 1
走,onyomi: 1 kunyomi: 1
赴,onyomi: 1 kunyomi: 1
趣,onyomi: 1 kunyomi: 1
跡,onyomi: 1 kunyomi: 1
路,onyomi: 1 kunyomi: 1
躍,onyomi: 1 kunyomi: 1
身,onyomi: 1 kunyomi: 1
車,onyomi: 1 kunyomi: 1
軒,onyomi: 1 kunyomi: 1
輝,onyomi: 1 kunyomi: 1
輪,onyomi: 1 kunyomi: 1
辛,onyomi: 1 kunyomi: 1
辞,onyomi: 1 kunyomi: 1
辱,onyomi: 1 kunyomi: 1
迎,onyomi: 1 kunyomi: 1
近,onyomi: 1 kunyomi: 1
迫,onyomi: 1 kunyomi: 1
述,onyomi: 1 kunyomi: 1
迷,onyomi: 1 kunyomi: 1
追,onyomi: 1 kunyomi: 1
送,onyomi: 1 kunyomi: 1
造,onyomi: 1 kunyomi: 1
遂,onyomi: 1 kunyomi: 1
運,onyomi: 1 kunyomi: 1
遭,onyomi: 1 kunyomi: 1
遮,onyomi: 1 kunyomi: 1
選,onyomi: 1 kunyomi: 1
避,onyomi: 1 kunyomi: 1
酌,onyomi: 1 kunyomi: 1
配,onyomi: 1 kunyomi: 1
酔,onyomi: 1 kunyomi: 1
酢,onyomi: 1 kunyomi: 1
酸,onyomi: 1 kunyomi: 1
醜,onyomi: 1 kunyomi: 1
醸,onyomi: 1 kunyomi: 1
里,onyomi: 1 kunyomi: 1
野,onyomi: 1 kunyomi: 1
量,onyomi: 1 kunyomi: 1
針,onyomi: 1 kunyomi: 1
釣,onyomi: 1 kunyomi: 1
鉛,onyomi: 1 kunyomi: 1
銭,onyomi: 1 kunyomi: 1
鋭,onyomi: 1 kunyomi: 1
鋳,onyomi: 1 kunyomi: 1
鋼,onyomi: 1 kunyomi: 1
錦,onyomi: 1 kunyomi: 1
鍛,onyomi: 1 kunyomi: 1
鎖,onyomi: 1 kunyomi: 1
鏡,onyomi: 1 kunyomi: 1
鐘,onyomi: 1 kunyomi: 1
鑑,onyomi: 1 kunyomi: 1
長,onyomi: 1 kunyomi: 1
門,onyomi: 1 kunyomi: 1
闘,onyomi: 1 kunyomi: 1
防,onyomi: 1 kunyomi: 1
阻,onyomi: 1 kunyomi: 1
限,onyomi: 1 kunyomi: 1
陵,onyomi: 1 kunyomi: 1
険,onyomi: 1 kunyomi: 1
隅,onyomi: 1 kunyomi: 1
際,onyomi: 1 kunyomi: 1
障,onyomi: 1 kunyomi: 1
雇,onyomi: 1 kunyomi: 1
雪,onyomi: 1 kunyomi: 1
雲,onyomi: 1 kunyomi: 1
雷,onyomi: 1 kunyomi: 1
霜,onyomi: 1 kunyomi: 1
霧,onyomi: 1 kunyomi: 1
革,onyomi: 1 kunyomi: 1
靴,onyomi: 1 kunyomi: 1
響,onyomi: 1 kunyomi: 1
額,onyomi: 1 kunyomi: 1
顔,onyomi: 1 kunyomi: 1
願,onyomi: 1 kunyomi: 1
類,onyomi: 1 kunyomi: 1
顧,onyomi: 1 kunyomi: 1
飢,onyomi: 1 kunyomi: 1
飯,onyomi: 1 kunyomi: 1
飲,onyomi: 1 kunyomi: 1
飼,onyomi: 1 kunyomi: 1
飾,onyomi: 1 kunyomi: 1
養,onyomi: 1 kunyomi: 1
館,onyomi: 1 kunyomi: 1
首,onyomi: 1 kunyomi: 1
騒,onyomi: 1 kunyomi: 1
骨,onyomi: 1 kunyomi: 1
髪,onyomi: 1 kunyomi: 1
鬼,onyomi: 1 kunyomi: 1
魂,onyomi: 1 kunyomi: 1
鮮,onyomi: 1 kunyomi: 1
鯨,onyomi: 1 kunyomi: 1
鳥,onyomi: 1 kunyomi: 1
鶏,onyomi: 1 kunyomi: 1
麗,onyomi: 1 kunyomi: 1
麦,onyomi: 1 kunyomi: 1
麻,onyomi: 1 kunyomi: 1
黙,onyomi: 1 kunyomi: 1
鼓,onyomi: 1 kunyomi: 1
鼻,onyomi: 1 kunyomi: 1
世,onyomi: 2 kunyomi: 1
中,onyomi: 2 kunyomi: 1
久,onyomi: 2 kunyomi: 1
事,onyomi: 2 kunyomi: 1
井,onyomi: 2 kunyomi: 1
亡,onyomi: 2 kunyomi: 1
人,onyomi: 2 kunyomi: 1
今,onyomi: 2 kunyomi: 1
仕,onyomi: 2 kunyomi: 1
仮,onyomi: 2 kunyomi: 1
会,onyomi: 2 kunyomi: 1
伴,onyomi: 2 kunyomi: 1
体,onyomi: 2 kunyomi: 1
作,onyomi: 2 kunyomi: 1
便,onyomi: 2 kunyomi: 1
元,onyomi: 2 kunyomi: 1
兄,onyomi: 2 kunyomi: 1
内,onyomi: 2 kunyomi: 1
再,onyomi: 2 kunyomi: 1
力,onyomi: 2 kunyomi: 1
南,onyomi: 2 kunyomi: 1
去,onyomi: 2 kunyomi: 1
口,onyomi: 2 kunyomi: 1
右,onyomi: 2 kunyomi: 1
名,onyomi: 2 kunyomi: 1
命,onyomi: 2 kunyomi: 1
図,onyomi: 2 kunyomi: 1
土,onyomi: 2 kunyomi: 1
執,onyomi: 2 kunyomi: 1
境,onyomi: 2 kunyomi: 1
夏,onyomi: 2 kunyomi: 1
奉,onyomi: 2 kunyomi: 1
子,onyomi: 2 kunyomi: 1
己,onyomi: 2 kunyomi: 1
度,onyomi: 2 kunyomi: 1
弟,onyomi: 2 kunyomi: 1
御,onyomi: 2 kunyomi: 1
恵,onyomi: 2 kunyomi: 1
悪,onyomi: 2 kunyomi: 1
情,onyomi: 2 kunyomi: 1
惨,onyomi: 2 kunyomi: 1
拾,onyomi: 2 kunyomi: 1
政,onyomi: 2 kunyomi: 1
文,onyomi: 2 kunyomi: 1
施,onyomi: 2 kunyomi: 1
易,onyomi: 2 kunyomi: 1
昔,onyomi: 2 kunyomi: 1
星,onyomi: 2 kunyomi: 1
月,onyomi: 2 kunyomi: 1
有,onyomi: 2 kunyomi: 1
望,onyomi: 2 kunyomi: 1
末,onyomi: 2 kunyomi: 1
板,onyomi: 2 kunyomi: 1
業,onyomi: 2 kunyomi: 1
無,onyomi: 2 kunyomi: 1
牙,onyomi: 2 kunyomi: 1
物,onyomi: 2 kunyomi: 1
率,onyomi: 2 kunyomi: 1
男,onyomi: 2 kunyomi: 1
登,onyomi: 2 kunyomi: 1
相,onyomi: 2 kunyomi: 1
眼,onyomi: 2 kunyomi: 1
石,onyomi: 2 kunyomi: 1
砂,onyomi: 2 kunyomi: 1
示,onyomi: 2 kunyomi: 1
祝,onyomi: 2 kunyomi: 1
節,onyomi: 2 kunyomi: 1
米,onyomi: 2 kunyomi: 1
糧,onyomi: 2 kunyomi: 1
経,onyomi: 2 kunyomi: 1
緑,onyomi: 2 kunyomi: 1
緒,onyomi: 2 kunyomi: 1
織,onyomi: 2 kunyomi: 1
脚,onyomi: 2 kunyomi: 1
自,onyomi: 2 kunyomi: 1
色,onyomi: 2 kunyomi: 1
華,onyomi: 2 kunyomi: 1
蛇,onyomi: 2 kunyomi: 1
街,onyomi: 2 kunyomi: 1
装,onyomi: 2 kunyomi: 1
西,onyomi: 2 kunyomi: 1
説,onyomi: 2 kunyomi: 1
謀,onyomi: 2 kunyomi: 1
豆,onyomi: 2 kunyomi: 1
貢,onyomi: 2 kunyomi: 1
貧,onyomi: 2 kunyomi: 1
贈,onyomi: 2 kunyomi: 1
遊,onyomi: 2 kunyomi: 1
道,onyomi: 2 kunyomi: 1
遠,onyomi: 2 kunyomi: 1
都,onyomi: 2 kunyomi: 1
鈴,onyomi: 2 kunyomi: 1
除,onyomi: 2 kunyomi: 1
霊,onyomi: 2 kunyomi: 1
露,onyomi: 2 kunyomi: 1
宮,onyomi: 4 kunyomi: 1
殺,onyomi: 4 kunyomi: 1
由,onyomi: 4 kunyomi: 1
読,onyomi: 4 kunyomi: 1
乗,onyomi: 1 kunyomi: 2
乱,onyomi: 1 kunyomi: 2
乳,onyomi: 1 kunyomi: 2
乾,onyomi: 1 kunyomi: 2
二,onyomi: 1 kunyomi: 2
五,onyomi: 1 kunyomi: 2
付,onyomi: 1 kunyomi: 2
任,onyomi: 1 kunyomi: 2
伏,onyomi: 1 kunyomi: 2
住,onyomi: 1 kunyomi: 2
何,onyomi: 1 kunyomi: 2
余,onyomi: 1 kunyomi: 2
係,onyomi: 1 kunyomi: 2
倒,onyomi: 1 kunyomi: 2
値,onyomi: 1 kunyomi: 2
偽,onyomi: 1 kunyomi: 2
備,onyomi: 1 kunyomi: 2
傾,onyomi: 1 kunyomi: 2
優,onyomi: 1 kunyomi: 2
兆,onyomi: 1 kunyomi: 2
光,onyomi: 1 kunyomi: 2
全,onyomi: 1 kunyomi: 2
写,onyomi: 1 kunyomi: 2
凍,onyomi: 1 kunyomi: 2
凝,onyomi: 1 kunyomi: 2
刺,onyomi: 1 kunyomi: 2
加,onyomi: 1 kunyomi: 2
励,onyomi: 1 kunyomi: 2
動,onyomi: 1 kunyomi: 2
務,onyomi: 1 kunyomi: 2
勝,onyomi: 1 kunyomi: 2
占,onyomi: 1 kunyomi: 2
収,onyomi: 1 kunyomi: 2
受,onyomi: 1 kunyomi: 2
古,onyomi: 1 kunyomi: 2
含,onyomi: 1 kunyomi: 2
味,onyomi: 1 kunyomi: 2
哀,onyomi: 1 kunyomi: 2
嘆,onyomi: 1 kunyomi: 2
囲,onyomi: 1 kunyomi: 2
垂,onyomi: 1 kunyomi: 2
基,onyomi: 1 kunyomi: 2
壊,onyomi: 1 kunyomi: 2
売,onyomi: 1 kunyomi: 2
変,onyomi: 1 kunyomi: 2
夜,onyomi: 1 kunyomi: 2
天,onyomi: 1 kunyomi: 2
好,onyomi: 1 kunyomi: 2
始,onyomi: 1 kunyomi: 2
嫁,onyomi: 1 kunyomi: 2
実,onyomi: 1 kunyomi: 2
寄,onyomi: 1 kunyomi: 2
寝,onyomi: 1 kunyomi: 2
少,onyomi: 1 kunyomi: 2
崩,onyomi: 1 kunyomi: 2
巻,onyomi: 1 kunyomi: 2
帯,onyomi: 1 kunyomi: 2
帰,onyomi: 1 kunyomi: 2
常,onyomi: 1 kunyomi: 2
干,onyomi: 1 kunyomi: 2
床,onyomi: 1 kunyomi: 2
廃,onyomi: 1 kunyomi: 2
引,onyomi: 1 kunyomi: 2
当,onyomi: 1 kunyomi: 2
彼,onyomi: 1 kunyomi: 2
得,onyomi: 1 kunyomi: 2
忌,onyomi: 1 kunyomi: 2
忍,onyomi: 1 kunyomi: 2
志,onyomi: 1 kunyomi: 2
怒,onyomi: 1 kunyomi: 2
怠,onyomi: 1 kunyomi: 2
怪,onyomi: 1 kunyomi: 2
恐,onyomi: 1 kunyomi: 2
恨,onyomi: 1 kunyomi: 2
悩,onyomi: 1 kunyomi: 2
悲,onyomi: 1 kunyomi: 2
惜,onyomi: 1 kunyomi: 2
愁,onyomi: 1 kunyomi: 2
慌,onyomi: 1 kunyomi: 2
慣,onyomi: 1 kunyomi: 2
慰,onyomi: 1 kunyomi: 2
憩,onyomi: 1 kunyomi: 2
我,onyomi: 1 kunyomi: 2
戦,onyomi: 1 kunyomi: 2
戻,onyomi: 1 kunyomi: 2
手,onyomi: 1 kunyomi: 2
押,onyomi: 1 kunyomi: 2
担,onyomi: 1 kunyomi: 2
指,onyomi: 1 kunyomi: 2
挙,onyomi: 1 kunyomi: 2
挟,onyomi: 1 kunyomi: 2
授,onyomi: 1 kunyomi: 2
探,onyomi: 1 kunyomi: 2
描,onyomi: 1 kunyomi: 2
揚,onyomi: 1 kunyomi: 2
換,onyomi: 1 kunyomi: 2
損,onyomi: 1 kunyomi: 2
携,onyomi: 1 kunyomi: 2
操,onyomi: 1 kunyomi: 2
擦,onyomi: 1 kunyomi: 2
改,onyomi: 1 kunyomi: 2
教,onyomi: 1 kunyomi: 2
整,onyomi: 1 kunyomi: 2
断,onyomi: 1 kunyomi: 2
晴,onyomi: 1 kunyomi: 2
暮,onyomi: 1 kunyomi: 2
曲,onyomi: 1 kunyomi: 2
替,onyomi: 1 kunyomi: 2
枯,onyomi: 1 kunyomi: 2
架,onyomi: 1 kunyomi: 2
柄,onyomi: 1 kunyomi: 2
棟,onyomi: 1 kunyomi: 2
植,onyomi: 1 kunyomi: 2
構,onyomi: 1 kunyomi: 2
欠,onyomi: 1 kunyomi: 2
欲,onyomi: 1 kunyomi: 2
歌,onyomi: 1 kunyomi: 2
止,onyomi: 1 kunyomi: 2
残,onyomi: 1 kunyomi: 2
殖,onyomi: 1 kunyomi: 2
氷,onyomi: 1 kunyomi: 2
決,onyomi: 1 kunyomi: 2
沈,onyomi: 1 kunyomi: 2
沸,onyomi: 1 kunyomi: 2
泊,onyomi: 1 kunyomi: 2
浴,onyomi: 1 kunyomi: 2
浸,onyomi: 1 kunyomi: 2
消,onyomi: 1 kunyomi: 2
涼,onyomi: 1 kunyomi: 2
添,onyomi: 1 kunyomi: 2
済,onyomi: 1 kunyomi: 2
減,onyomi: 1 kunyomi: 2
渡,onyomi: 1 kunyomi: 2
湿,onyomi: 1 kunyomi: 2
満,onyomi: 1 kunyomi: 2
滅,onyomi: 1 kunyomi: 2
滴,onyomi: 1 kunyomi: 2
潜,onyomi: 1 kunyomi: 2
澄,onyomi: 1 kunyomi: 2
濁,onyomi: 1 kunyomi: 2
火,onyomi: 1 kunyomi: 2
焼,onyomi: 1 kunyomi: 2
狂,onyomi: 1 kunyomi: 2
狩,onyomi: 1 kunyomi: 2
現,onyomi: 1 kunyomi: 2
甚,onyomi: 1 kunyomi: 2
畳,onyomi: 1 kunyomi: 2
疎,onyomi: 1 kunyomi: 2
癒,onyomi: 1 kunyomi: 2
眠,onyomi: 1 kunyomi: 2
砕,onyomi: 1 kunyomi: 2
破,onyomi: 1 kunyomi: 2
確,onyomi: 1 kunyomi: 2
祭,onyomi: 1 kunyomi: 2
私,onyomi: 1 kunyomi: 2
移,onyomi: 1 kunyomi: 2
稲,onyomi: 1 kunyomi: 2
積,onyomi: 1 kunyomi: 2
窮,onyomi: 1 kunyomi: 2
笑,onyomi: 1 kunyomi: 2
答,onyomi: 1 kunyomi: 2
粉,onyomi: 1 kunyomi: 2
終,onyomi: 1 kunyomi: 2
組,onyomi: 1 kunyomi: 2
続,onyomi: 1 kunyomi: 2
締,onyomi: 1 kunyomi: 2
羨,onyomi: 1 kunyomi: 2
羽,onyomi: 1 kunyomi: 2
翻,onyomi: 1 kunyomi: 2
老,onyomi: 1 kunyomi: 2
胸,onyomi: 1 kunyomi: 2
脱,onyomi: 1 kunyomi: 2
膨,onyomi: 1 kunyomi: 2
臭,onyomi: 1 kunyomi: 2
舞,onyomi: 1 kunyomi: 2
舟,onyomi: 1 kunyomi: 2
船,onyomi: 1 kunyomi: 2
苗,onyomi: 1 kunyomi: 2
落,onyomi: 1 kunyomi: 2
著,onyomi: 1 kunyomi: 2
裁,onyomi: 1 kunyomi: 2
裂,onyomi: 1 kunyomi: 2
要,onyomi: 1 kunyomi: 2
角,onyomi: 1 kunyomi: 2
触,onyomi: 1 kunyomi: 2
計,onyomi: 1 kunyomi: 2
訪,onyomi: 1 kunyomi: 2
試,onyomi: 1 kunyomi: 2
話,onyomi: 1 kunyomi: 2
語,onyomi: 1 kunyomi: 2
謡,onyomi: 1 kunyomi: 2
費,onyomi: 1 kunyomi: 2
超,onyomi: 1 kunyomi: 2
越,onyomi: 1 kunyomi: 2
跳,onyomi: 1 kunyomi: 2
踊,onyomi: 1 kunyomi: 2
踏,onyomi: 1 kunyomi: 2
軟,onyomi: 1 kunyomi: 2
軽,onyomi: 1 kunyomi: 2
載,onyomi: 1 kunyomi: 2
辺,onyomi: 1 kunyomi: 2
返,onyomi: 1 kunyomi: 2
退,onyomi: 1 kunyomi: 2
逆,onyomi: 1 kunyomi: 2
逝,onyomi: 1 kunyomi: 2
進,onyomi: 1 kunyomi: 2
違,onyomi: 1 kunyomi: 2
遣,onyomi: 1 kunyomi: 2
酒,onyomi: 1 kunyomi: 2
鈍,onyomi: 1 kunyomi: 2
鎮,onyomi: 1 kunyomi: 2
関,onyomi: 1 kunyomi: 2
陥,onyomi: 1 kunyomi: 2
陰,onyomi: 1 kunyomi: 2
隔,onyomi: 1 kunyomi: 2
隠,onyomi: 1 kunyomi: 2
隣,onyomi: 1 kunyomi: 2
雄,onyomi: 1 kunyomi: 2
雌,onyomi: 1 kunyomi: 2
離,onyomi: 1 kunyomi: 2
難,onyomi: 1 kunyomi: 2
雨,onyomi: 1 kunyomi: 2
震,onyomi: 1 kunyomi: 2
頂,onyomi: 1 kunyomi: 2
預,onyomi: 1 kunyomi: 2
飛,onyomi: 1 kunyomi: 2
飽,onyomi: 1 kunyomi: 2
馬,onyomi: 1 kunyomi: 2
駆,onyomi: 1 kunyomi: 2
驚,onyomi: 1 kunyomi: 2
魚,onyomi: 1 kunyomi: 2
黒,onyomi: 1 kunyomi: 2
一,onyomi: 2 kunyomi: 2
主,onyomi: 2 kunyomi: 2
九,onyomi: 2 kunyomi: 2
仰,onyomi: 2 kunyomi: 2
供,onyomi: 2 kunyomi: 2
修,onyomi: 2 kunyomi: 2
出,onyomi: 2 kunyomi: 2
切,onyomi: 2 kunyomi: 2
勤,onyomi: 2 kunyomi: 2
化,onyomi: 2 kunyomi: 2
十,onyomi: 2 kunyomi: 2
厳,onyomi: 2 kunyomi: 2
吾,onyomi: 2 kunyomi: 2
回,onyomi: 2 kunyomi: 2
声,onyomi: 2 kunyomi: 2
太,onyomi: 2 kunyomi: 2
夫,onyomi: 2 kunyomi: 2
嫌,onyomi: 2 kunyomi: 2
守,onyomi: 2 kunyomi: 2
家,onyomi: 2 kunyomi: 2
富,onyomi: 2 kunyomi: 2
就,onyomi: 2 kunyomi: 2
平,onyomi: 2 kunyomi: 2
建,onyomi: 2 kunyomi: 2
形,onyomi: 2 kunyomi: 2
懸,onyomi: 2 kunyomi: 2
成,onyomi: 2 kunyomi: 2
数,onyomi: 2 kunyomi: 2
日,onyomi: 2 kunyomi: 2
暴,onyomi: 2 kunyomi: 2
木,onyomi: 2 kunyomi: 2
柔,onyomi: 2 kunyomi: 2
楽,onyomi: 2 kunyomi: 2
次,onyomi: 2 kunyomi: 2
殿,onyomi: 2 kunyomi: 2
流,onyomi: 2 kunyomi: 2
滑,onyomi: 2 kunyomi: 2
煩,onyomi: 2 kunyomi: 2
留,onyomi: 2 kunyomi: 2
病,onyomi: 2 kunyomi: 2
目,onyomi: 2 kunyomi: 2
省,onyomi: 2 kunyomi: 2
立,onyomi: 2 kunyomi: 2
競,onyomi: 2 kunyomi: 2
紅,onyomi: 2 kunyomi: 2
聞,onyomi: 2 kunyomi: 2
興,onyomi: 2 kunyomi: 2
若,onyomi: 2 kunyomi: 2
言,onyomi: 2 kunyomi: 2
請,onyomi: 2 kunyomi: 2
金,onyomi: 2 kunyomi: 2
間,onyomi: 2 kunyomi: 2
青,onyomi: 2 kunyomi: 2
音,onyomi: 2 kunyomi: 2
風,onyomi: 2 kunyomi: 2
黄,onyomi: 2 kunyomi: 2
反,onyomi: 4 kunyomi: 2
女,onyomi: 4 kunyomi: 2
従,onyomi: 4 kunyomi: 2
歩,onyomi: 4 kunyomi: 2
納,onyomi: 4 kunyomi: 2
頭,onyomi: 4 kunyomi: 2
七,onyomi: 1 kunyomi: 3
三,onyomi: 1 kunyomi: 3
丸,onyomi: 1 kunyomi: 3
休,onyomi: 1 kunyomi: 3
伝,onyomi: 1 kunyomi: 3
伸,onyomi: 1 kunyomi: 3
低,onyomi: 1 kunyomi: 3
傷,onyomi: 1 kunyomi: 3
入,onyomi: 1 kunyomi: 3
助,onyomi: 1 kunyomi: 3
卑,onyomi: 1 kunyomi: 3
危,onyomi: 1 kunyomi: 3
及,onyomi: 1 kunyomi: 3
問,onyomi: 1 kunyomi: 3
固,onyomi: 1 kunyomi: 3
埋,onyomi: 1 kunyomi: 3
増,onyomi: 1 kunyomi: 3
宿,onyomi: 1 kunyomi: 3
小,onyomi: 1 kunyomi: 3
尽,onyomi: 1 kunyomi: 3
幸,onyomi: 1 kunyomi: 3
延,onyomi: 1 kunyomi: 3
弾,onyomi: 1 kunyomi: 3
恋,onyomi: 1 kunyomi: 3
悔,onyomi: 1 kunyomi: 3
憂,onyomi: 1 kunyomi: 3
懲,onyomi: 1 kunyomi: 3
折,onyomi: 1 kunyomi: 3
抱,onyomi: 1 kunyomi: 3
振,onyomi: 1 kunyomi: 3
新,onyomi: 1 kunyomi: 3
映,onyomi: 1 kunyomi: 3
更,onyomi: 1 kunyomi: 3
来,onyomi: 1 kunyomi: 3
果,onyomi: 1 kunyomi: 3
栄,onyomi: 1 kunyomi: 3
深,onyomi: 1 kunyomi: 3
渋,onyomi: 1 kunyomi: 3
溶,onyomi: 1 kunyomi: 3
漏,onyomi: 1 kunyomi: 3
潤,onyomi: 1 kunyomi: 3
煙,onyomi: 1 kunyomi: 3
照,onyomi: 1 kunyomi: 3
煮,onyomi: 1 kunyomi: 3
燃,onyomi: 1 kunyomi: 3
狭,onyomi: 1 kunyomi: 3
甘,onyomi: 1 kunyomi: 3
産,onyomi: 1 kunyomi: 3
痛,onyomi: 1 kunyomi: 3
端,onyomi: 1 kunyomi: 3
結,onyomi: 1 kunyomi: 3
絞,onyomi: 1 kunyomi: 3
絡,onyomi: 1 kunyomi: 3
絶,onyomi: 1 kunyomi: 3
群,onyomi: 1 kunyomi: 3
育,onyomi: 1 kunyomi: 3
脅,onyomi: 1 kunyomi: 3
腐,onyomi: 1 kunyomi: 3
荒,onyomi: 1 kunyomi: 3
蒸,onyomi: 1 kunyomi: 3
表,onyomi: 1 kunyomi: 3
覆,onyomi: 1 kunyomi: 3
見,onyomi: 1 kunyomi: 3
覚,onyomi: 1 kunyomi: 3
親,onyomi: 1 kunyomi: 3
詰,onyomi: 1 kunyomi: 3
調,onyomi: 1 kunyomi: 3
負,onyomi: 1 kunyomi: 3
起,onyomi: 1 kunyomi: 3
透,onyomi: 1 kunyomi: 3
連,onyomi: 1 kunyomi: 3
遅,onyomi: 1 kunyomi: 3
降,onyomi: 1 kunyomi: 3
集,onyomi: 1 kunyomi: 3
面,onyomi: 1 kunyomi: 3
頼,onyomi: 1 kunyomi: 3
鳴,onyomi: 1 kunyomi: 3
大,onyomi: 2 kunyomi: 3
定,onyomi: 2 kunyomi: 3
寂,onyomi: 2 kunyomi: 3
早,onyomi: 2 kunyomi: 3
極,onyomi: 2 kunyomi: 3
正,onyomi: 2 kunyomi: 3
清,onyomi: 2 kunyomi: 3
白,onyomi: 2 kunyomi: 3
盛,onyomi: 2 kunyomi: 3
直,onyomi: 2 kunyomi: 3
神,onyomi: 2 kunyomi: 3
解,onyomi: 2 kunyomi: 3
通,onyomi: 2 kunyomi: 3
食,onyomi: 2 kunyomi: 3
香,onyomi: 2 kunyomi: 3
合,onyomi: 4 kunyomi: 3
行,onyomi: 4 kunyomi: 3
並,onyomi: 1 kunyomi: 4
八,onyomi: 1 kunyomi: 4
六,onyomi: 1 kunyomi: 4
割,onyomi: 1 kunyomi: 4
向,onyomi: 1 kunyomi: 4
四,onyomi: 1 kunyomi: 4
尊,onyomi: 1 kunyomi: 4
弱,onyomi: 1 kunyomi: 4
恥,onyomi: 1 kunyomi: 4
憎,onyomi: 1 kunyomi: 4
抜,onyomi: 1 kunyomi: 4
放,onyomi: 1 kunyomi: 4
散,onyomi: 1 kunyomi: 4
暖,onyomi: 1 kunyomi: 4
染,onyomi: 1 kunyomi: 4
浮,onyomi: 1 kunyomi: 4
混,onyomi: 1 kunyomi: 4
温,onyomi: 1 kunyomi: 4
焦,onyomi: 1 kunyomi: 4
空,onyomi: 1 kunyomi: 4
紛,onyomi: 1 kunyomi: 4
細,onyomi: 1 kunyomi: 4
緩,onyomi: 1 kunyomi: 4
肥,onyomi: 1 kunyomi: 4
背,onyomi: 1 kunyomi: 4
貴,onyomi: 1 kunyomi: 4
足,onyomi: 1 kunyomi: 4
転,onyomi: 1 kunyomi: 4
逃,onyomi: 1 kunyomi: 4
速,onyomi: 1 kunyomi: 4
過,onyomi: 1 kunyomi: 4
閉,onyomi: 1 kunyomi: 4
開,onyomi: 1 kunyomi: 4
高,onyomi: 1 kunyomi: 4
代,onyomi: 2 kunyomi: 4
和,onyomi: 2 kunyomi: 4
外,onyomi: 2 kunyomi: 4
強,onyomi: 2 kunyomi: 4
後,onyomi: 2 kunyomi: 4
治,onyomi: 2 kunyomi: 4
着,onyomi: 2 kunyomi: 4
赤,onyomi: 2 kunyomi: 4
重,onyomi: 2 kunyomi: 4
静,onyomi: 2 kunyomi: 4
分,onyomi: 3 kunyomi: 4
初,onyomi: 1 kunyomi: 5
広,onyomi: 1 kunyomi: 5
懐,onyomi: 1 kunyomi: 5
捕,onyomi: 1 kunyomi: 5
縮,onyomi: 1 kunyomi: 5
苦,onyomi: 1 kunyomi: 5
薄,onyomi: 1 kunyomi: 5
汚,onyomi: 1 kunyomi: 6
交,onyomi: 1 kunyomi: 7
冷,onyomi: 1 kunyomi: 7
揺,onyomi: 1 kunyomi: 7
上,onyomi: 2 kunyomi: 8
明,onyomi: 2 kunyomi: 9
下,onyomi: 2 kunyomi: 10
生,onyomi: 2 kunyomi: 10
掛,kunyomi: 3
卸,kunyomi: 2
鹿,kunyomi: 2
込,kunyomi: 2
据,kunyomi: 2
漬,kunyomi: 2
爪,kunyomi: 2
届,kunyomi: 2
畑,kunyomi: 2
丑,kunyomi: 1
且,kunyomi: 1
串,kunyomi: 1
乞,kunyomi: 1
但,kunyomi: 1
刈,kunyomi: 1
卯,kunyomi: 1
又,kunyomi: 1
咲,kunyomi: 1
坪,kunyomi: 1
垣,kunyomi: 1
埼,kunyomi: 1
堀,kunyomi: 1
塚,kunyomi: 1
姫,kunyomi: 1
娘,kunyomi: 1
宛,kunyomi: 1
岡,kunyomi: 1
岬,kunyomi: 1
峠,kunyomi: 1
崎,kunyomi: 1
嵐,kunyomi: 1
巳,kunyomi: 1
扱,kunyomi: 1
杉,kunyomi: 1
枠,kunyomi: 1
栃,kunyomi: 1
株,kunyomi: 1
梨,kunyomi: 1
棚,kunyomi: 1
浦,kunyomi: 1
滝,kunyomi: 1
潟,kunyomi: 1
瀬,kunyomi: 1
熊,kunyomi: 1
畝,kunyomi: 1
皿,kunyomi: 1
箱,kunyomi: 1
繰,kunyomi: 1
肌,kunyomi: 1
脇,kunyomi: 1
芋,kunyomi: 1
芝,kunyomi: 1
茨,kunyomi: 1
虞,kunyomi: 1
虹,kunyomi: 1
蚊,kunyomi: 1
貝,kunyomi: 1
鎌,kunyomi: 1
駒,kunyomi: 1
鶴,kunyomi: 1
法,onyomi: 3
質,onyomi: 3
丁,onyomi: 2
万,onyomi: 2
不,onyomi: 2
京,onyomi: 2
仁,onyomi: 2
依,onyomi: 2
児,onyomi: 2
兵,onyomi: 2
冊,onyomi: 2
凡,onyomi: 2
判,onyomi: 2
功,onyomi: 2
博,onyomi: 2
台,onyomi: 2
吉,onyomi: 2
唯,onyomi: 2
団,onyomi: 2
地,onyomi: 2
坊,onyomi: 2
壇,onyomi: 2
如,onyomi: 2
妄,onyomi: 2
姓,onyomi: 2
存,onyomi: 2
宗,onyomi: 2
客,onyomi: 2
対,onyomi: 2
封,onyomi: 2
工,onyomi: 2
幕,onyomi: 2
庫,onyomi: 2
役,onyomi: 2
律,onyomi: 2
性,onyomi: 2
怨,onyomi: 2
想,onyomi: 2
拍,onyomi: 2
拠,onyomi: 2
旦,onyomi: 2
旬,onyomi: 2
曽,onyomi: 2
期,onyomi: 2
格,onyomi: 2
模,onyomi: 2
権,onyomi: 2
武,onyomi: 2
歳,onyomi: 2
気,onyomi: 2
泌,onyomi: 2
漁,onyomi: 2
然,onyomi: 2
献,onyomi: 2
甲,onyomi: 2
画,onyomi: 2
疫,onyomi: 2
発,onyomi: 2
皇,onyomi: 2
益,onyomi: 2
礼,onyomi: 2
精,onyomi: 2
素,onyomi: 2
絵,onyomi: 2
罰,onyomi: 2
耗,onyomi: 2
臣,onyomi: 2
茶,onyomi: 2
虚,onyomi: 2
衆,onyomi: 2
象,onyomi: 2
財,onyomi: 2
遺,onyomi: 2
郷,onyomi: 2
鉢,onyomi: 2
雑,onyomi: 2
験,onyomi: 2
丙,onyomi: 1
両,onyomi: 1
丹,onyomi: 1
乙,onyomi: 1
了,onyomi: 1
予,onyomi: 1
亜,onyomi: 1
享,onyomi: 1
亭,onyomi: 1
介,onyomi: 1
仙,onyomi: 1
令,onyomi: 1
以,onyomi: 1
件,onyomi: 1
伐,onyomi: 1
伯,onyomi: 1
佐,onyomi: 1
佳,onyomi: 1
侯,onyomi: 1
俊,onyomi: 1
俗,onyomi: 1
信,onyomi: 1
俳,onyomi: 1
俸,onyomi: 1
個,onyomi: 1
倍,onyomi: 1
倫,onyomi: 1
倹,onyomi: 1
停,onyomi: 1
偵,onyomi: 1
偶,onyomi: 1
傑,onyomi: 1
債,onyomi: 1
像,onyomi: 1
僕,onyomi: 1
僚,onyomi: 1
僧,onyomi: 1
儀,onyomi: 1
億,onyomi: 1
儒,onyomi: 1
克,onyomi: 1
党,onyomi: 1
具,onyomi: 1
典,onyomi: 1
冗,onyomi: 1
准,onyomi: 1
処,onyomi: 1
凶,onyomi: 1
凸,onyomi: 1
凹,onyomi: 1
刊,onyomi: 1
刑,onyomi: 1
列,onyomi: 1
到,onyomi: 1
制,onyomi: 1
券,onyomi: 1
則,onyomi: 1
剖,onyomi: 1
剛,onyomi: 1
剤,onyomi: 1
副,onyomi: 1
剰,onyomi: 1
劇,onyomi: 1
労,onyomi: 1
劾,onyomi: 1
勅,onyomi: 1
勉,onyomi: 1
勘,onyomi: 1
勲,onyomi: 1
匠,onyomi: 1
区,onyomi: 1
医,onyomi: 1
匿,onyomi: 1
午,onyomi: 1
卒,onyomi: 1
卓,onyomi: 1
協,onyomi: 1
単,onyomi: 1
即,onyomi: 1
却,onyomi: 1
厄,onyomi: 1
厘,onyomi: 1
叔,onyomi: 1
叙,onyomi: 1
句,onyomi: 1
可,onyomi: 1
史,onyomi: 1
号,onyomi: 1
司,onyomi: 1
后,onyomi: 1
吏,onyomi: 1
吟,onyomi: 1
呂,onyomi: 1
呈,onyomi: 1
呉,onyomi: 1
員,onyomi: 1
哲,onyomi: 1
啓,onyomi: 1
喚,onyomi: 1
喝,onyomi: 1
喫,onyomi: 1
嗣,onyomi: 1
嘱,onyomi: 1
嚇,onyomi: 1
囚,onyomi: 1
圏,onyomi: 1
圧,onyomi: 1
均,onyomi: 1
坑,onyomi: 1
域,onyomi: 1
堂,onyomi: 1
堕,onyomi: 1
塀,onyomi: 1
塁,onyomi: 1
塑,onyomi: 1
塔,onyomi: 1
塾,onyomi: 1
墜,onyomi: 1
墳,onyomi: 1
墾,onyomi: 1
壌,onyomi: 1
士,onyomi: 1
壮,onyomi: 1
壱,onyomi: 1
央,onyomi: 1
奇,onyomi: 1
奈,onyomi: 1
奔,onyomi: 1
奨,onyomi: 1
奴,onyomi: 1
妃,onyomi: 1
妊,onyomi: 1
妙,onyomi: 1
妥,onyomi: 1
姻,onyomi: 1
威,onyomi: 1
娠,onyomi: 1
娯,onyomi: 1
婆,onyomi: 1
婚,onyomi: 1
婦,onyomi: 1
媒,onyomi: 1
媛,onyomi: 1
嫡,onyomi: 1
嬢,onyomi: 1
孔,onyomi: 1
孝,onyomi: 1
季,onyomi: 1
孤,onyomi: 1
宅,onyomi: 1
宇,onyomi: 1
完,onyomi: 1
官,onyomi: 1
宙,onyomi: 1
宜,onyomi: 1
宣,onyomi: 1
宰,onyomi: 1
害,onyomi: 1
宴,onyomi: 1
容,onyomi: 1
密,onyomi: 1
寛,onyomi: 1
察,onyomi: 1
寡,onyomi: 1
寧,onyomi: 1
審,onyomi: 1
寮,onyomi: 1
寸,onyomi: 1
将,onyomi: 1
尉,onyomi: 1
尚,onyomi: 1
尺,onyomi: 1
尿,onyomi: 1
局,onyomi: 1
屈,onyomi: 1
展,onyomi: 1
属,onyomi: 1
層,onyomi: 1
屯,onyomi: 1
岐,onyomi: 1
峡,onyomi: 1
崇,onyomi: 1
巨,onyomi: 1
希,onyomi: 1
帝,onyomi: 1
帥,onyomi: 1
師,onyomi: 1
席,onyomi: 1
帳,onyomi: 1
帽,onyomi: 1
幣,onyomi: 1
幽,onyomi: 1
庁,onyomi: 1
序,onyomi: 1
府,onyomi: 1
庶,onyomi: 1
康,onyomi: 1
庸,onyomi: 1
廉,onyomi: 1
廊,onyomi: 1
廷,onyomi: 1
弊,onyomi: 1
式,onyomi: 1
弐,onyomi: 1
弧,onyomi: 1
彰,onyomi: 1
往,onyomi: 1
征,onyomi: 1
径,onyomi: 1
徐,onyomi: 1
徒,onyomi: 1
復,onyomi: 1
循,onyomi: 1
微,onyomi: 1
徳,onyomi: 1
徴,onyomi: 1
徹,onyomi: 1
忠,onyomi: 1
念,onyomi: 1
恒,onyomi: 1
恩,onyomi: 1
悠,onyomi: 1
悦,onyomi: 1
惰,onyomi: 1
愉,onyomi: 1
意,onyomi: 1
愛,onyomi: 1
感,onyomi: 1
態,onyomi: 1
慢,onyomi: 1
慨,onyomi: 1
慮,onyomi: 1
慶,onyomi: 1
憲,onyomi: 1
憶,onyomi: 1
憾,onyomi: 1
才,onyomi: 1
扶,onyomi: 1
批,onyomi: 1
抄,onyomi: 1
把,onyomi: 1
抗,onyomi: 1
択,onyomi: 1
披,onyomi: 1
抵,onyomi: 1
抹,onyomi: 1
抽,onyomi: 1
拐,onyomi: 1
拓,onyomi: 1
拘,onyomi: 1
拡,onyomi: 1
括,onyomi: 1
拷,onyomi: 1
掌,onyomi: 1
排,onyomi: 1
措,onyomi: 1
揮,onyomi: 1
援,onyomi: 1
搬,onyomi: 1
搭,onyomi: 1
摂,onyomi: 1
摩,onyomi: 1
撤,onyomi: 1
撲,onyomi: 1
擁,onyomi: 1
擬,onyomi: 1
敏,onyomi: 1
敢,onyomi: 1
斉,onyomi: 1
斎,onyomi: 1
斗,onyomi: 1
料,onyomi: 1
斤,onyomi: 1
斥,onyomi: 1
旋,onyomi: 1
族,onyomi: 1
旧,onyomi: 1
昆,onyomi: 1
昨,onyomi: 1
昭,onyomi: 1
是,onyomi: 1
晩,onyomi: 1
普,onyomi: 1
景,onyomi: 1
晶,onyomi: 1
暫,onyomi: 1
曜,onyomi: 1
曹,onyomi: 1
服,onyomi: 1
朕,onyomi: 1
未,onyomi: 1
朱,onyomi: 1
朴,onyomi: 1
材,onyomi: 1
条,onyomi: 1
析,onyomi: 1
枚,onyomi: 1
枢,onyomi: 1
某,onyomi: 1
査,onyomi: 1
栓,onyomi: 1
校,onyomi: 1
核,onyomi: 1
栽,onyomi: 1
案,onyomi: 1
桟,onyomi: 1
械,onyomi: 1
棄,onyomi: 1
棋,onyomi: 1
棒,onyomi: 1
棺,onyomi: 1
検,onyomi: 1
楼,onyomi: 1
概,onyomi: 1
槽,onyomi: 1
標,onyomi: 1
樹,onyomi: 1
欄,onyomi: 1
欧,onyomi: 1
款,onyomi: 1
歓,onyomi: 1
歴,onyomi: 1
殉,onyomi: 1
段,onyomi: 1
毎,onyomi: 1
毒,onyomi: 1
汽,onyomi: 1
没,onyomi: 1
況,onyomi: 1
泰,onyomi: 1
洋,onyomi: 1
洪,onyomi: 1
活,onyomi: 1
派,onyomi: 1
浄,onyomi: 1
浪,onyomi: 1
涯,onyomi: 1
液,onyomi: 1
淑,onyomi: 1
渉,onyomi: 1
渓,onyomi: 1
湾,onyomi: 1
準,onyomi: 1
滋,onyomi: 1
演,onyomi: 1
漠,onyomi: 1
漢,onyomi: 1
漫,onyomi: 1
漸,onyomi: 1
濫,onyomi: 1
濯,onyomi: 1
炉,onyomi: 1
点,onyomi: 1
為,onyomi: 1
烈,onyomi: 1
燥,onyomi: 1
爆,onyomi: 1
爵,onyomi: 1
版,onyomi: 1
牲,onyomi: 1
特,onyomi: 1
犠,onyomi: 1
状,onyomi: 1
猛,onyomi: 1
猟,onyomi: 1
猶,onyomi: 1
獄,onyomi: 1
玄,onyomi: 1
王,onyomi: 1
珠,onyomi: 1
班,onyomi: 1
理,onyomi: 1
環,onyomi: 1
瓶,onyomi: 1
界,onyomi: 1
畔,onyomi: 1
畜,onyomi: 1
略,onyomi: 1
番,onyomi: 1
疾,onyomi: 1
症,onyomi: 1
痘,onyomi: 1
痢,onyomi: 1
痴,onyomi: 1
療,onyomi: 1
百,onyomi: 1
盆,onyomi: 1
盟,onyomi: 1
監,onyomi: 1
盤,onyomi: 1
盲,onyomi: 1
看,onyomi: 1
県,onyomi: 1
睡,onyomi: 1
督,onyomi: 1
睦,onyomi: 1
砲,onyomi: 1
硝,onyomi: 1
硫,onyomi: 1
碁,onyomi: 1
碑,onyomi: 1
磁,onyomi: 1
礁,onyomi: 1
祉,onyomi: 1
祖,onyomi: 1
祥,onyomi: 1
票,onyomi: 1
禁,onyomi: 1
禅,onyomi: 1
禍,onyomi: 1
福,onyomi: 1
科,onyomi: 1
秒,onyomi: 1
租,onyomi: 1
秩,onyomi: 1
称,onyomi: 1
税,onyomi: 1
稚,onyomi: 1
稿,onyomi: 1
穀,onyomi: 1
穫,onyomi: 1
窃,onyomi: 1
窒,onyomi: 1
章,onyomi: 1
符,onyomi: 1
第,onyomi: 1
策,onyomi: 1
箇,onyomi: 1
算,onyomi: 1
範,onyomi: 1
篤,onyomi: 1
簡,onyomi: 1
簿,onyomi: 1
籍,onyomi: 1
粛,onyomi: 1
粧,onyomi: 1
糖,onyomi: 1
系,onyomi: 1
糾,onyomi: 1
紀,onyomi: 1
約,onyomi: 1
紋,onyomi: 1
純,onyomi: 1
級,onyomi: 1
索,onyomi: 1
累,onyomi: 1
紳,onyomi: 1
紹,onyomi: 1
紺,onyomi: 1
給,onyomi: 1
維,onyomi: 1
緊,onyomi: 1
総,onyomi: 1
線,onyomi: 1
緯,onyomi: 1
績,onyomi: 1
繁,onyomi: 1
繊,onyomi: 1
缶,onyomi: 1
署,onyomi: 1
罷,onyomi: 1
羅,onyomi: 1
義,onyomi: 1
翁,onyomi: 1
翌,onyomi: 1
聖,onyomi: 1
職,onyomi: 1
肉,onyomi: 1
肖,onyomi: 1
肢,onyomi: 1
肪,onyomi: 1
肯,onyomi: 1
肺,onyomi: 1
胃,onyomi: 1
胆,onyomi: 1
胎,onyomi: 1
胞,onyomi: 1
胴,onyomi: 1
能,onyomi: 1
脈,onyomi: 1
脳,onyomi: 1
腸,onyomi: 1
膚,onyomi: 1
膜,onyomi: 1
臓,onyomi: 1
舎,onyomi: 1
舗,onyomi: 1
航,onyomi: 1
般,onyomi: 1
舶,onyomi: 1
艇,onyomi: 1
艦,onyomi: 1
芸,onyomi: 1
英,onyomi: 1
荘,onyomi: 1
菊,onyomi: 1
菌,onyomi: 1
菓,onyomi: 1
藩,onyomi: 1
虜,onyomi: 1
蛮,onyomi: 1
蜜,onyomi: 1
融,onyomi: 1
術,onyomi: 1
衛,onyomi: 1
衝,onyomi: 1
衡,onyomi: 1
衷,onyomi: 1
裕,onyomi: 1
製,onyomi: 1
複,onyomi: 1
褐,onyomi: 1
覇,onyomi: 1
規,onyomi: 1
視,onyomi: 1
覧,onyomi: 1
観,onyomi: 1
訂,onyomi: 1
訓,onyomi: 1
託,onyomi: 1
訟,onyomi: 1
証,onyomi: 1
詐,onyomi: 1
評,onyomi: 1
詞,onyomi: 1
詩,onyomi: 1
該,onyomi: 1
誌,onyomi: 1
誕,onyomi: 1
課,onyomi: 1
談,onyomi: 1
論,onyomi: 1
諸,onyomi: 1
諾,onyomi: 1
謁,onyomi: 1
謄,onyomi: 1
謙,onyomi: 1
講,onyomi: 1
識,onyomi: 1
譜,onyomi: 1
警,onyomi: 1
議,onyomi: 1
護,onyomi: 1
豪,onyomi: 1
貞,onyomi: 1
貨,onyomi: 1
販,onyomi: 1
貯,onyomi: 1
貿,onyomi: 1
賀,onyomi: 1
賃,onyomi: 1
資,onyomi: 1
賊,onyomi: 1
賓,onyomi: 1
賛,onyomi: 1
賞,onyomi: 1
賠,onyomi: 1
賦,onyomi: 1
購,onyomi: 1
赦,onyomi: 1
距,onyomi: 1
践,onyomi: 1
軌,onyomi: 1
軍,onyomi: 1
軸,onyomi: 1
較,onyomi: 1
輩,onyomi: 1
輸,onyomi: 1
轄,onyomi: 1
農,onyomi: 1
迅,onyomi: 1
迭,onyomi: 1
逐,onyomi: 1
逓,onyomi: 1
途,onyomi: 1
逮,onyomi: 1
週,onyomi: 1
逸,onyomi: 1
遇,onyomi: 1
遍,onyomi: 1
達,onyomi: 1
適,onyomi: 1
遵,onyomi: 1
遷,onyomi: 1
還,onyomi: 1
邦,onyomi: 1
邪,onyomi: 1
邸,onyomi: 1
郊,onyomi: 1
郎,onyomi: 1
郡,onyomi: 1
部,onyomi: 1
郭,onyomi: 1
郵,onyomi: 1
酪,onyomi: 1
酬,onyomi: 1
酵,onyomi: 1
酷,onyomi: 1
釈,onyomi: 1
鉄,onyomi: 1
鉱,onyomi: 1
銀,onyomi: 1
銃,onyomi: 1
銅,onyomi: 1
銘,onyomi: 1
錠,onyomi: 1
錬,onyomi: 1
錯,onyomi: 1
録,onyomi: 1
閑,onyomi: 1
閣,onyomi: 1
閥,onyomi: 1
閲,onyomi: 1
阪,onyomi: 1
附,onyomi: 1
陛,onyomi: 1
院,onyomi: 1
陣,onyomi: 1
陪,onyomi: 1
陳,onyomi: 1
陶,onyomi: 1
陸,onyomi: 1
陽,onyomi: 1
隆,onyomi: 1
隊,onyomi: 1
階,onyomi: 1
随,onyomi: 1
隷,onyomi: 1
隻,onyomi: 1
雅,onyomi: 1
雰,onyomi: 1
零,onyomi: 1
電,onyomi: 1
需,onyomi: 1
非,onyomi: 1
韓,onyomi: 1
韻,onyomi: 1
項,onyomi: 1
順,onyomi: 1
須,onyomi: 1
頑,onyomi: 1
頒,onyomi: 1
領,onyomi: 1
頻,onyomi: 1
題,onyomi: 1
顕,onyomi: 1
餓,onyomi: 1
駄,onyomi: 1
駅,onyomi: 1
駐,onyomi: 1
騎,onyomi: 1
騰,onyomi: 1
髄,onyomi: 1
魅,onyomi: 1
魔,onyomi: 1
齢,onyomi: 1
