丁,Onyomi*チョウ、テイ*2
万,Onyomi*マン、バン*2
不,Onyomi*フ、ブ*2
丙,Onyomi*ヘイ*1
両,Onyomi*リョウ*1
丹,Onyomi*タン*1
乙,Onyomi*オツ*1
了,Onyomi*リョウ*1
予,Onyomi*ヨ*1
亜,Onyomi*ア*1
享,Onyomi*キョウ*1
京,Onyomi*キョウ、ケイ*2
亭,Onyomi*テイ*1
仁,Onyomi*ジン、ニ*2
介,Onyomi*カイ*1
仙,Onyomi*セン*1
令,Onyomi*レイ*1
以,Onyomi*イ*1
件,Onyomi*ケン*1
伐,Onyomi*バツ*1
伯,Onyomi*ハク*1
佐,Onyomi*サ*1
佳,Onyomi*カ*1
依,Onyomi*イ、エ*2
侯,Onyomi*コウ*1
俊,Onyomi*シュン*1
俗,Onyomi*ゾク*1
信,Onyomi*シン*1
俳,Onyomi*ハイ*1
俸,Onyomi*ホウ*1
個,Onyomi*コ*1
倍,Onyomi*バイ*1
倫,Onyomi*リン*1
倹,Onyomi*ケン*1
停,Onyomi*テイ*1
偵,Onyomi*テイ*1
偶,Onyomi*グウ*1
傑,Onyomi*ケツ*1
債,Onyomi*サイ*1
像,Onyomi*ゾウ*1
僕,Onyomi*ボク*1
僚,Onyomi*リョウ*1
僧,Onyomi*ソウ*1
儀,Onyomi*ギ*1
億,Onyomi*オク*1
儒,Onyomi*ジュ*1
克,Onyomi*コク*1
児,Onyomi*ジ、ニ*2
党,Onyomi*トウ*1
兵,Onyomi*ヘイ、ヒョウ*2
具,Onyomi*グ*1
典,Onyomi*テン*1
冊,Onyomi*サツ、サク*2
冗,Onyomi*ジョウ*1
准,Onyomi*ジュン*1
凡,Onyomi*ボン、ハン*2
処,Onyomi*ショ*1
凶,Onyomi*キョウ*1
凸,Onyomi*トツ*1
凹,Onyomi*オウ*1
刊,Onyomi*カン*1
刑,Onyomi*ケイ*1
列,Onyomi*レツ*1
判,Onyomi*ハン、バン*2
到,Onyomi*トウ*1
制,Onyomi*セイ*1
券,Onyomi*ケン*1
則,Onyomi*ソク*1
剖,Onyomi*ボウ*1
剛,Onyomi*ゴウ*1
剤,Onyomi*ザイ*1
副,Onyomi*フク*1
剰,Onyomi*ジョウ*1
劇,Onyomi*ゲキ*1
功,Onyomi*コウ、ク*2
労,Onyomi*ロウ*1
劾,Onyomi*ガイ*1
勅,Onyomi*チョク*1
勉,Onyomi*ベン*1
勘,Onyomi*カン*1
勲,Onyomi*クン*1
匠,Onyomi*ショウ*1
区,Onyomi*ク*1
医,Onyomi*イ*1
匿,Onyomi*トク*1
午,Onyomi*ゴ*1
卒,Onyomi*ソツ*1
卓,Onyomi*タク*1
協,Onyomi*キョウ*1
単,Onyomi*タン*1
博,Onyomi*ハク、バク*2
即,Onyomi*ソク*1
却,Onyomi*キャク*1
厄,Onyomi*ヤク*1
厘,Onyomi*リン*1
叔,Onyomi*シュク*1
叙,Onyomi*ジョ*1
句,Onyomi*ク*1
可,Onyomi*カ*1
台,Onyomi*ダイ、タイ*2
史,Onyomi*シ*1
号,Onyomi*ゴウ*1
司,Onyomi*シ*1
吉,Onyomi*キチ、キツ*2
后,Onyomi*コウ*1
吏,Onyomi*リ*1
吟,Onyomi*ギン*1
呂,Onyomi*ロ*1
呈,Onyomi*テイ*1
呉,Onyomi*ゴ*1
員,Onyomi*イン*1
哲,Onyomi*テツ*1
唯,Onyomi*ユイ、イ*2
啓,Onyomi*ケイ*1
喚,Onyomi*カン*1
喝,Onyomi*カツ*1
喫,Onyomi*キツ*1
嗣,Onyomi*シ*1
嘱,Onyomi*ショク*1
嚇,Onyomi*カク*1
囚,Onyomi*シュウ*1
団,Onyomi*ダン、トン*2
圏,Onyomi*ケン*1
圧,Onyomi*アツ*1
地,Onyomi*チ、ジ*2
均,Onyomi*キン*1
坊,Onyomi*ボウ、ボッ*2
坑,Onyomi*コウ*1
域,Onyomi*イキ*1
堂,Onyomi*ドウ*1
堕,Onyomi*ダ*1
塀,Onyomi*ヘイ*1
塁,Onyomi*ルイ*1
塑,Onyomi*ソ*1
塔,Onyomi*トウ*1
塾,Onyomi*ジュク*1
墜,Onyomi*ツイ*1
墳,Onyomi*フン*1
墾,Onyomi*コン*1
壇,Onyomi*ダン、タン*2
壌,Onyomi*ジョウ*1
士,Onyomi*シ*1
壮,Onyomi*ソウ*1
壱,Onyomi*イチ*1
央,Onyomi*オウ*1
奇,Onyomi*キ*1
奈,Onyomi*ナ*1
奔,Onyomi*ホン*1
奨,Onyomi*ショウ*1
奴,Onyomi*ド*1
如,Onyomi*ジョ、ニョ*2
妃,Onyomi*ヒ*1
妄,Onyomi*モウ、ボウ*2
妊,Onyomi*ニン*1
妙,Onyomi*ミョウ*1
妥,Onyomi*ダ*1
姓,Onyomi*セイ、ショウ*2
姻,Onyomi*イン*1
威,Onyomi*イ*1
娠,Onyomi*シン*1
娯,Onyomi*ゴ*1
婆,Onyomi*バ*1
婚,Onyomi*コン*1
婦,Onyomi*フ*1
媒,Onyomi*バイ*1
媛,Onyomi*エン*1
嫡,Onyomi*チャク*1
嬢,Onyomi*ジョウ*1
孔,Onyomi*コウ*1
存,Onyomi*ソン、ゾン*2
孝,Onyomi*コウ*1
季,Onyomi*キ*1
孤,Onyomi*コ*1
宅,Onyomi*タク*1
宇,Onyomi*ウ*1
完,Onyomi*カン*1
宗,Onyomi*シュウ、ソウ*2
官,Onyomi*カン*1
宙,Onyomi*チュウ*1
宜,Onyomi*ギ*1
客,Onyomi*キャク、カク*2
宣,Onyomi*セン*1
宰,Onyomi*サイ*1
害,Onyomi*ガイ*1
宴,Onyomi*エン*1
容,Onyomi*ヨウ*1
密,Onyomi*ミツ*1
寛,Onyomi*カン*1
察,Onyomi*サツ*1
寡,Onyomi*カ*1
寧,Onyomi*ネイ*1
審,Onyomi*シン*1
寮,Onyomi*リョウ*1
寸,Onyomi*スン*1
対,Onyomi*タイ、ツイ*2
封,Onyomi*フウ、ホウ*2
将,Onyomi*ショウ*1
尉,Onyomi*イ*1
尚,Onyomi*ショウ*1
尺,Onyomi*シャク*1
尿,Onyomi*ニョウ*1
局,Onyomi*キョク*1
屈,Onyomi*クツ*1
展,Onyomi*テン*1
属,Onyomi*ゾク*1
層,Onyomi*ソウ*1
屯,Onyomi*トン*1
岐,Onyomi*キ*1
峡,Onyomi*キョウ*1
崇,Onyomi*スウ*1
工,Onyomi*コウ、ク*2
巨,Onyomi*キョ*1
希,Onyomi*キ*1
帝,Onyomi*テイ*1
帥,Onyomi*スイ*1
師,Onyomi*シ*1
席,Onyomi*セキ*1
帳,Onyomi*チョウ*1
帽,Onyomi*ボウ*1
幕,Onyomi*マク、バク*2
幣,Onyomi*ヘイ*1
幽,Onyomi*ユウ*1
庁,Onyomi*チョウ*1
序,Onyomi*ジョ*1
府,Onyomi*フ*1
庫,Onyomi*コ、ク*2
庶,Onyomi*ショ*1
康,Onyomi*コウ*1
庸,Onyomi*ヨウ*1
廉,Onyomi*レン*1
廊,Onyomi*ロウ*1
廷,Onyomi*テイ*1
弊,Onyomi*ヘイ*1
式,Onyomi*シキ*1
弐,Onyomi*ニ*1
弧,Onyomi*コ*1
彰,Onyomi*ショウ*1
役,Onyomi*ヤク、エキ*2
往,Onyomi*オウ*1
征,Onyomi*セイ*1
径,Onyomi*ケイ*1
律,Onyomi*リツ、リチ*2
徐,Onyomi*ジョ*1
徒,Onyomi*ト*1
復,Onyomi*フク*1
循,Onyomi*ジュン*1
微,Onyomi*ビ*1
徳,Onyomi*トク*1
徴,Onyomi*チョウ*1
徹,Onyomi*テツ*1
忠,Onyomi*チュウ*1
念,Onyomi*ネン*1
性,Onyomi*セイ、ショウ*2
怨,Onyomi*エン、オン*2
恒,Onyomi*コウ*1
恩,Onyomi*オン*1
悠,Onyomi*ユウ*1
悦,Onyomi*エツ*1
惰,Onyomi*ダ*1
想,Onyomi*ソウ、ソ*2
愉,Onyomi*ユ*1
意,Onyomi*イ*1
愛,Onyomi*アイ*1
感,Onyomi*カン*1
態,Onyomi*タイ*1
慢,Onyomi*マン*1
慨,Onyomi*ガイ*1
慮,Onyomi*リョ*1
慶,Onyomi*ケイ*1
憲,Onyomi*ケン*1
憶,Onyomi*オク*1
憾,Onyomi*カン*1
才,Onyomi*サイ*1
扶,Onyomi*フ*1
批,Onyomi*ヒ*1
抄,Onyomi*ショウ*1
把,Onyomi*ハ*1
抗,Onyomi*コウ*1
択,Onyomi*タク*1
披,Onyomi*ヒ*1
抵,Onyomi*テイ*1
抹,Onyomi*マツ*1
抽,Onyomi*チュウ*1
拍,Onyomi*ハク、ヒョウ*2
拐,Onyomi*カイ*1
拓,Onyomi*タク*1
拘,Onyomi*コウ*1
拠,Onyomi*キョ、コ*2
拡,Onyomi*カク*1
括,Onyomi*カツ*1
拷,Onyomi*ゴウ*1
掌,Onyomi*ショウ*1
排,Onyomi*ハイ*1
措,Onyomi*ソ*1
揮,Onyomi*キ*1
援,Onyomi*エン*1
搬,Onyomi*ハン*1
搭,Onyomi*トウ*1
摂,Onyomi*セツ*1
摩,Onyomi*マ*1
撤,Onyomi*テツ*1
撲,Onyomi*ボク*1
擁,Onyomi*ヨウ*1
擬,Onyomi*ギ*1
敏,Onyomi*ビン*1
敢,Onyomi*カン*1
斉,Onyomi*セイ*1
斎,Onyomi*サイ*1
斗,Onyomi*ト*1
料,Onyomi*リョウ*1
斤,Onyomi*キン*1
斥,Onyomi*セキ*1
旋,Onyomi*セン*1
族,Onyomi*ゾク*1
旦,Onyomi*タン、ダン*2
旧,Onyomi*キュウ*1
旬,Onyomi*ジュン、シュン*2
昆,Onyomi*コン*1
昨,Onyomi*サク*1
昭,Onyomi*ショウ*1
是,Onyomi*ゼ*1
晩,Onyomi*バン*1
普,Onyomi*フ*1
景,Onyomi*ケイ*1
晶,Onyomi*ショウ*1
暫,Onyomi*ザン*1
曜,Onyomi*ヨウ*1
曹,Onyomi*ソウ*1
曽,Onyomi*ソウ、ゾ*2
服,Onyomi*フク*1
朕,Onyomi*チン*1
期,Onyomi*キ、ゴ*2
未,Onyomi*ミ*1
朱,Onyomi*シュ*1
朴,Onyomi*ボク*1
材,Onyomi*ザイ*1
条,Onyomi*ジョウ*1
析,Onyomi*セキ*1
枚,Onyomi*マイ*1
枢,Onyomi*スウ*1
某,Onyomi*ボウ*1
査,Onyomi*サ*1
栓,Onyomi*セン*1
校,Onyomi*コウ*1
核,Onyomi*カク*1
格,Onyomi*カク、コウ*2
栽,Onyomi*サイ*1
案,Onyomi*アン*1
桟,Onyomi*サン*1
械,Onyomi*カイ*1
棄,Onyomi*キ*1
棋,Onyomi*キ*1
棒,Onyomi*ボウ*1
棺,Onyomi*カン*1
検,Onyomi*ケン*1
楼,Onyomi*ロウ*1
概,Onyomi*ガイ*1
槽,Onyomi*ソウ*1
標,Onyomi*ヒョウ*1
模,Onyomi*モ、ボ*2
権,Onyomi*ケン、ゴン*2
樹,Onyomi*ジュ*1
欄,Onyomi*ラン*1
欧,Onyomi*オウ*1
款,Onyomi*カン*1
歓,Onyomi*カン*1
武,Onyomi*ブ、ム*2
歳,Onyomi*サイ、セイ*2
歴,Onyomi*レキ*1
殉,Onyomi*ジュン*1
段,Onyomi*ダン*1
毎,Onyomi*マイ*1
毒,Onyomi*ドク*1
気,Onyomi*キ、ケ*2
汽,Onyomi*キ*1
没,Onyomi*ボツ*1
況,Onyomi*キョウ*1
泌,Onyomi*ヒツ、ヒ*2
法,Onyomi*ホウ、ハッ、ほっ、ほっ*4
泰,Onyomi*タイ*1
洋,Onyomi*ヨウ*1
洪,Onyomi*コウ*1
活,Onyomi*カツ*1
派,Onyomi*ハ*1
浄,Onyomi*ジョウ*1
浪,Onyomi*ロウ*1
涯,Onyomi*ガイ*1
液,Onyomi*エキ*1
淑,Onyomi*シュク*1
渉,Onyomi*ショウ*1
渓,Onyomi*ケイ*1
湾,Onyomi*ワン*1
準,Onyomi*ジュン*1
滋,Onyomi*ジ*1
漁,Onyomi*ギョ、リョウ*2
演,Onyomi*エン*1
漠,Onyomi*バク*1
漢,Onyomi*カン*1
漫,Onyomi*マン*1
漸,Onyomi*ゼン*1
濫,Onyomi*ラン*1
濯,Onyomi*タク*1
炉,Onyomi*ロ*1
点,Onyomi*テン*1
為,Onyomi*イ*1
烈,Onyomi*レツ*1
然,Onyomi*ゼン、ネン*2
燥,Onyomi*ソウ*1
爆,Onyomi*バク*1
爵,Onyomi*シャク*1
版,Onyomi*ハン*1
牲,Onyomi*セイ*1
特,Onyomi*トク*1
犠,Onyomi*ギ*1
状,Onyomi*ジョウ*1
猛,Onyomi*モウ*1
猟,Onyomi*リョウ*1
献,Onyomi*ケン、コン*2
猶,Onyomi*ユウ*1
獄,Onyomi*ゴク*1
玄,Onyomi*ゲン*1
王,Onyomi*オウ*1
珠,Onyomi*シュ*1
班,Onyomi*ハン*1
理,Onyomi*リ*1
環,Onyomi*カン*1
瓶,Onyomi*ビン*1
甲,Onyomi*コウ、カン*2
画,Onyomi*ガ、カク*2
界,Onyomi*カイ*1
畔,Onyomi*ハン*1
畜,Onyomi*チク*1
略,Onyomi*リャク*1
番,Onyomi*バン*1
疫,Onyomi*エキ、ヤク*2
疾,Onyomi*シツ*1
症,Onyomi*ショウ*1
痘,Onyomi*トウ*1
痢,Onyomi*リ*1
痴,Onyomi*チ*1
療,Onyomi*リョウ*1
発,Onyomi*ハツ、ホツ*2
百,Onyomi*ヒャク*1
皇,Onyomi*コウ、オウ*2
盆,Onyomi*ボン*1
益,Onyomi*エキ、ヤク*2
盟,Onyomi*メイ*1
監,Onyomi*カン*1
盤,Onyomi*バン*1
盲,Onyomi*モウ*1
看,Onyomi*カン*1
県,Onyomi*ケン*1
睡,Onyomi*スイ*1
督,Onyomi*トク*1
睦,Onyomi*ボク*1
砲,Onyomi*ホウ*1
硝,Onyomi*ショウ*1
硫,Onyomi*リュウ*1
碁,Onyomi*ゴ*1
碑,Onyomi*ヒ*1
磁,Onyomi*ジ*1
礁,Onyomi*ショウ*1
礼,Onyomi*レイ、ライ*2
祉,Onyomi*シ*1
祖,Onyomi*ソ*1
祥,Onyomi*ショウ*1
票,Onyomi*ヒョウ*1
禁,Onyomi*キン*1
禅,Onyomi*ゼン*1
禍,Onyomi*カ*1
福,Onyomi*フク*1
科,Onyomi*カ*1
秒,Onyomi*ビョウ*1
租,Onyomi*ソ*1
秩,Onyomi*チツ*1
称,Onyomi*ショウ*1
税,Onyomi*ゼイ*1
稚,Onyomi*チ*1
稿,Onyomi*コウ*1
穀,Onyomi*コク*1
穫,Onyomi*カク*1
窃,Onyomi*セツ*1
窒,Onyomi*チツ*1
章,Onyomi*ショウ*1
符,Onyomi*フ*1
第,Onyomi*ダイ*1
策,Onyomi*サク*1
箇,Onyomi*カ*1
算,Onyomi*サン*1
範,Onyomi*ハン*1
篤,Onyomi*トク*1
簡,Onyomi*カン*1
簿,Onyomi*ボ*1
籍,Onyomi*セキ*1
粛,Onyomi*シュク*1
粧,Onyomi*ショウ*1
精,Onyomi*セイ、ショウ*2
糖,Onyomi*トウ*1
系,Onyomi*ケイ*1
糾,Onyomi*キュウ*1
紀,Onyomi*キ*1
約,Onyomi*ヤク*1
紋,Onyomi*モン*1
純,Onyomi*ジュン*1
級,Onyomi*キュウ*1
素,Onyomi*ソ、ス*2
索,Onyomi*サク*1
累,Onyomi*ルイ*1
紳,Onyomi*シン*1
紹,Onyomi*ショウ*1
紺,Onyomi*コン*1
給,Onyomi*キュウ*1
絵,Onyomi*カイ、エ*2
維,Onyomi*イ*1
緊,Onyomi*キン*1
総,Onyomi*ソウ*1
線,Onyomi*セン*1
緯,Onyomi*イ*1
績,Onyomi*セキ*1
繁,Onyomi*ハン*1
繊,Onyomi*セン*1
缶,Onyomi*カン*1
罰,Onyomi*バツ、バチ*2
署,Onyomi*ショ*1
罷,Onyomi*ヒ*1
羅,Onyomi*ラ*1
義,Onyomi*ギ*1
翁,Onyomi*オウ*1
翌,Onyomi*ヨク*1
耗,Onyomi*モウ、コウ*2
聖,Onyomi*セイ*1
職,Onyomi*ショク*1
肉,Onyomi*ニク*1
肖,Onyomi*ショウ*1
肢,Onyomi*シ*1
肪,Onyomi*ボウ*1
肯,Onyomi*コウ*1
肺,Onyomi*ハイ*1
胃,Onyomi*イ*1
胆,Onyomi*タン*1
胎,Onyomi*タイ*1
胞,Onyomi*ホウ*1
胴,Onyomi*ドウ*1
能,Onyomi*ノウ*1
脈,Onyomi*ミャク*1
脳,Onyomi*ノウ*1
腸,Onyomi*チョウ*1
膚,Onyomi*フ*1
膜,Onyomi*マク*1
臓,Onyomi*ゾウ*1
臣,Onyomi*シン、ジン*2
舎,Onyomi*シャ*1
舗,Onyomi*ホ*1
航,Onyomi*コウ*1
般,Onyomi*ハン*1
舶,Onyomi*ハク*1
艇,Onyomi*テイ*1
艦,Onyomi*カン*1
芸,Onyomi*ゲイ*1
英,Onyomi*エイ*1
茶,Onyomi*チャ、サ*2
荘,Onyomi*ソウ*1
菊,Onyomi*キク*1
菌,Onyomi*キン*1
菓,Onyomi*カ*1
藩,Onyomi*ハン*1
虚,Onyomi*キョ、コ*2
虜,Onyomi*リョ*1
蛮,Onyomi*バン*1
蜜,Onyomi*ミツ*1
融,Onyomi*ユウ*1
衆,Onyomi*シュウ、シュ*2
術,Onyomi*ジュツ*1
衛,Onyomi*エイ*1
衝,Onyomi*ショウ*1
衡,Onyomi*コウ*1
衷,Onyomi*チュウ*1
裕,Onyomi*ユウ*1
製,Onyomi*セイ*1
複,Onyomi*フク*1
褐,Onyomi*カツ*1
覇,Onyomi*ハ*1
規,Onyomi*キ*1
視,Onyomi*シ*1
覧,Onyomi*ラン*1
観,Onyomi*カン*1
訂,Onyomi*テイ*1
訓,Onyomi*クン*1
託,Onyomi*タク*1
訟,Onyomi*ショウ*1
証,Onyomi*ショウ*1
詐,Onyomi*サ*1
評,Onyomi*ヒョウ*1
詞,Onyomi*シ*1
詩,Onyomi*シ*1
該,Onyomi*ガイ*1
誌,Onyomi*シ*1
誕,Onyomi*タン*1
課,Onyomi*カ*1
談,Onyomi*ダン*1
論,Onyomi*ロン*1
諸,Onyomi*ショ*1
諾,Onyomi*ダク*1
謁,Onyomi*エツ*1
謄,Onyomi*トウ*1
謙,Onyomi*ケン*1
講,Onyomi*コウ*1
識,Onyomi*シキ*1
譜,Onyomi*フ*1
警,Onyomi*ケイ*1
議,Onyomi*ギ*1
護,Onyomi*ゴ*1
象,Onyomi*ショウ、ゾウ*2
豪,Onyomi*ゴウ*1
貞,Onyomi*テイ*1
財,Onyomi*ザイ、サイ*2
貨,Onyomi*カ*1
販,Onyomi*ハン*1
貯,Onyomi*チョ*1
貿,Onyomi*ボウ*1
賀,Onyomi*ガ*1
賃,Onyomi*チン*1
資,Onyomi*シ*1
賊,Onyomi*ゾク*1
賓,Onyomi*ヒン*1
賛,Onyomi*サン*1
賞,Onyomi*ショウ*1
賠,Onyomi*バイ*1
賦,Onyomi*フ*1
質,Onyomi*シツ、シチ、ち、ち*4
購,Onyomi*コウ*1
赦,Onyomi*シャ*1
距,Onyomi*キョ*1
践,Onyomi*セン*1
軌,Onyomi*キ*1
軍,Onyomi*グン*1
軸,Onyomi*ジク*1
較,Onyomi*カク*1
輩,Onyomi*ハイ*1
輸,Onyomi*ユ*1
轄,Onyomi*カツ*1
農,Onyomi*ノウ*1
迅,Onyomi*ジン*1
迭,Onyomi*テツ*1
逐,Onyomi*チク*1
逓,Onyomi*テイ*1
途,Onyomi*ト*1
逮,Onyomi*タイ*1
週,Onyomi*シュウ*1
逸,Onyomi*イツ*1
遇,Onyomi*グウ*1
遍,Onyomi*ヘン*1
達,Onyomi*タツ*1
適,Onyomi*テキ*1
遵,Onyomi*ジュン*1
遷,Onyomi*セン*1
遺,Onyomi*イ、ユイ*2
還,Onyomi*カン*1
邦,Onyomi*ホウ*1
邪,Onyomi*ジャ*1
邸,Onyomi*テイ*1
郊,Onyomi*コウ*1
郎,Onyomi*ロウ*1
郡,Onyomi*グン*1
部,Onyomi*ブ*1
郭,Onyomi*カク*1
郵,Onyomi*ユウ*1
郷,Onyomi*キョウ、ゴウ*2
酪,Onyomi*ラク*1
酬,Onyomi*シュウ*1
酵,Onyomi*コウ*1
酷,Onyomi*コク*1
釈,Onyomi*シャク*1
鉄,Onyomi*テツ*1
鉢,Onyomi*ハチ、ハツ*2
鉱,Onyomi*コウ*1
銀,Onyomi*ギン*1
銃,Onyomi*ジュウ*1
銅,Onyomi*ドウ*1
銘,Onyomi*メイ*1
錠,Onyomi*ジョウ*1
錬,Onyomi*レン*1
錯,Onyomi*サク*1
録,Onyomi*ロク*1
閑,Onyomi*カン*1
閣,Onyomi*カク*1
閥,Onyomi*バツ*1
閲,Onyomi*エツ*1
阪,Onyomi*ハン*1
附,Onyomi*フ*1
陛,Onyomi*ヘイ*1
院,Onyomi*イン*1
陣,Onyomi*ジン*1
陪,Onyomi*バイ*1
陳,Onyomi*チン*1
陶,Onyomi*トウ*1
陸,Onyomi*リク*1
陽,Onyomi*ヨウ*1
隆,Onyomi*リュウ*1
隊,Onyomi*タイ*1
階,Onyomi*カイ*1
随,Onyomi*ズイ*1
隷,Onyomi*レイ*1
隻,Onyomi*セキ*1
雅,Onyomi*ガ*1
雑,Onyomi*ザツ、ゾウ*2
雰,Onyomi*フン*1
零,Onyomi*レイ*1
電,Onyomi*デン*1
需,Onyomi*ジュ*1
非,Onyomi*ヒ*1
韓,Onyomi*カン*1
韻,Onyomi*イン*1
項,Onyomi*コウ*1
順,Onyomi*ジュン*1
須,Onyomi*ス*1
頑,Onyomi*ガン*1
頒,Onyomi*ハン*1
領,Onyomi*リョウ*1
頻,Onyomi*ヒン*1
題,Onyomi*ダイ*1
顕,Onyomi*ケン*1
餓,Onyomi*ガ*1
駄,Onyomi*ダ*1
駅,Onyomi*エキ*1
駐,Onyomi*チュウ*1
騎,Onyomi*キ*1
験,Onyomi*ケン、ゲン*2
騰,Onyomi*トウ*1
髄,Onyomi*ズイ*1
魅,Onyomi*ミ*1
魔,Onyomi*マ*1
齢,Onyomi*レイ*1
丑,Kunyomi*うし*1
且,Kunyomi*か－つ*1
串,Kunyomi*くし*1
乞,Kunyomi*こ－う*1
但,Kunyomi*ただ－し*1
刈,Kunyomi*か－る*1
卯,Kunyomi*う*1
卸,Kunyomi*おろ－す、おろし*2
又,Kunyomi*また*1
咲,Kunyomi*さ－く*1
坪,Kunyomi*つぼ*1
垣,Kunyomi*かき*1
埼,Kunyomi*さい*1
堀,Kunyomi*ほり*1
塚,Kunyomi*つか*1
姫,Kunyomi*ひめ*1
娘,Kunyomi*むすめ*1
宛,Kunyomi*あ－てる*1
届,Kunyomi*とど－ける、とど－く*2
岡,Kunyomi*おか*1
岬,Kunyomi*みさき*1
峠,Kunyomi*とうげ*1
崎,Kunyomi*さき*1
嵐,Kunyomi*あらし*1
巳,Kunyomi*み*1
扱,Kunyomi*あつか－う*1
据,Kunyomi*す－える、す－わる*2
掛,Kunyomi*か－ける、か－かる、かかり*3
杉,Kunyomi*すぎ*1
枠,Kunyomi*わく*1
栃,Kunyomi*とち*1
株,Kunyomi*かぶ*1
梨,Kunyomi*なし*1
棚,Kunyomi*たな*1
浦,Kunyomi*うら*1
滝,Kunyomi*たき*1
漬,Kunyomi*つ－ける、つ－かる*2
潟,Kunyomi*かた*1
瀬,Kunyomi*せ*1
熊,Kunyomi*くま*1
爪,Kunyomi*つめ、つま*2
畑,Kunyomi*はた、はたけ*2
畝,Kunyomi*うね*1
皿,Kunyomi*さら*1
箱,Kunyomi*はこ*1
繰,Kunyomi*く－る*1
肌,Kunyomi*はだ*1
脇,Kunyomi*わき*1
芋,Kunyomi*いも*1
芝,Kunyomi*しば*1
茨,Kunyomi*いばら*1
虞,Kunyomi*おそれ*1
虹,Kunyomi*にじ*1
蚊,Kunyomi*か*1
貝,Kunyomi*かい*1
込,Kunyomi*こ－む、こ－める*2
鎌,Kunyomi*かま*1
駒,Kunyomi*こま*1
鶴,Kunyomi*つる*1
鹿,Kunyomi*しか、か*2
一,Both*イチ、イツ*2*ひと、ひと－つ*2
七,Both*シチ*1*なな、なな－つ、なの*3
丈,Both*ジョウ*1*たけ*1
三,Both*サン*1*み、み－つ、みっ－つ*3
上,Both*ジョウ、ショウ*2*うえ、うわ、かみ、あ－げる、あ－がる、のぼ－る、のぼ－せる、のぼ－す*8
下,Both*カ、ゲ*2*した、しも、もと、さ－げる、さ－がる、くだ－る、くだ－す、くだ－さる、お－ろす、お－りる*10
与,Both*ヨ*1*あた－える*1
世,Both*セイ、セ*2*よ*1
丘,Both*キュウ*1*おか*1
並,Both*ヘイ*1*なみ、なら－べる、なら－ぶ、なら－びに*4
中,Both*チュウ、ジュウ*2*なか*1
丸,Both*ガン*1*まる、まる－い、まる－める*3
主,Both*シュ、ス*2*ぬし、おも*2
久,Both*キュウ、ク*2*ひさ－しい*1
乏,Both*ボウ*1*とぼ－しい*1
乗,Both*ジョウ*1*の－る、の－せる*2
九,Both*キュウ、ク*2*ここの、ここの－つ*2
乱,Both*ラン*1*みだ－れる、みだ－す*2
乳,Both*ニュウ*1*ちち、ち*2
乾,Both*カン*1*かわ－く、かわ－かす*2
亀,Both*キ*1*かめ*1
争,Both*ソウ*1*あらそ－う*1
事,Both*ジ、ズ*2*こと*1
二,Both*ニ*1*ふた、ふた－つ*2
互,Both*ゴ*1*たが－い*1
五,Both*ゴ*1*いつ、いつ－つ*2
井,Both*セイ、ショウ*2*い*1
亡,Both*ボウ、モウ*2*な－い*1
交,Both*コウ*1*まじ－わる、まじ－える、ま－じる、ま－ざる、ま－ぜる、か－う、か－わす*7
人,Both*ジン、ニン*2*ひと*1
今,Both*コン、キン*2*いま*1
仏,Both*ブツ*1*ほとけ*1
仕,Both*シ、ジ*2*つか－える*1
他,Both*タ*1*ほか*1
付,Both*フ*1*つ－ける、つ－く*2
代,Both*ダイ、タイ*2*か－わる、か－える、よ、しろ*4
仮,Both*カ、ケ*2*かり*1
仰,Both*ギョウ、コウ*2*あお－ぐ、おお－せ*2
仲,Both*チュウ*1*なか*1
任,Both*ニン*1*まか－せる、まか－す*2
企,Both*キ*1*くわだ－てる*1
伏,Both*フク*1*ふ－せる、ふ－す*2
休,Both*キュウ*1*やす－む、やす－まる、やす－める*3
会,Both*カイ、エ*2*あ－う*1
伝,Both*デン*1*つた－わる、つた－える、つた－う*3
伴,Both*ハン、バン*2*ともな－う*1
伸,Both*シン*1*の－びる、の－ばす、の－べる*3
伺,Both*シ*1*うかが－う*1
似,Both*ジ*1*に－る*1
位,Both*イ*1*くらい*1
低,Both*テイ*1*ひく－い、ひく－める、ひく－まる*3
住,Both*ジュウ*1*す－む、す－まう*2
体,Both*タイ、テイ*2*からだ*1
何,Both*カ*1*なに、なん*2
余,Both*ヨ*1*あま－る、あま－す*2
作,Both*サク、サ*2*つく－る*1
併,Both*ヘイ*1*あわ－せる*1
使,Both*シ*1*つか－う*1
例,Both*レイ*1*たと－える*1
侍,Both*ジ*1*さむらい*1
供,Both*キョウ、ク*2*そな－える、とも*2
価,Both*カ*1*あたい*1
侮,Both*ブ*1*あなど－る*1
侵,Both*シン*1*おか－す*1
便,Both*ベン、ビン*2*たよ－り*1
係,Both*ケイ*1*かか－る、かかり*2
促,Both*ソク*1*うなが－す*1
保,Both*ホ*1*たも－つ*1
修,Both*シュウ、シュ*2*おさ－める、おさ－まる*2
俵,Both*ヒョウ*1*たわら*1
倉,Both*ソウ*1*くら*1
倒,Both*トウ*1*たお－れる、たお－す*2
候,Both*コウ*1*そうろう*1
借,Both*シャク*1*か－りる*1
倣,Both*ホウ*1*なら－う*1
値,Both*チ*1*ね、あたい*2
偉,Both*イ*1*えら－い*1
偏,Both*ヘン*1*かたよ－る*1
健,Both*ケン*1*すこ－やか*1
側,Both*ソク*1*がわ*1
偽,Both*ギ*1*いつわ－る、にせ*2
傍,Both*ボウ*1*かたわ－ら*1
傘,Both*サン*1*かさ*1
備,Both*ビ*1*そな－える、そな－わる*2
催,Both*サイ*1*もよお－す*1
傷,Both*ショウ*1*きず、いた－む、いた－める*3
傾,Both*ケイ*1*かたむ－く、かたむ－ける*2
働,Both*ドウ*1*はたら－く*1
償,Both*ショウ*1*つぐな－う*1
優,Both*ユウ*1*やさ－しい、すぐ－れる*2
元,Both*ゲン、ガン*2*もと*1
兄,Both*ケイ、キョウ*2*あに*1
充,Both*ジュウ*1*あ－てる*1
兆,Both*チョウ*1*きざ－す、きざ－し*2
先,Both*セン*1*さき*1
光,Both*コウ*1*ひか－る、ひかり*2
免,Both*メン*1*まぬか－れる*1
入,Both*ニュウ*1*い－る、い－れる、はい－る*3
全,Both*ゼン*1*まった－く、すべ－て*2
八,Both*ハチ*1*や、や－つ、やっ－つ、よう*4
公,Both*コウ*1*おおやけ*1
六,Both*ロク*1*む、む－つ、むっ－つ、むい*4
共,Both*キョウ*1*とも*1
兼,Both*ケン*1*か－ねる*1
内,Both*ナイ、ダイ*2*うち*1
円,Both*エン*1*まる－い*1
再,Both*サイ、サ*2*ふたた－び*1
冒,Both*ボウ*1*おか－す*1
写,Both*シャ*1*うつ－す、うつ－る*2
冠,Both*カン*1*かんむり*1
冬,Both*トウ*1*ふゆ*1
冷,Both*レイ*1*つめ－たい、ひ－える、ひ－や、ひ－やす、ひ－やかす、さ－める、さ－ます*7
凍,Both*トウ*1*こお－る、こご－える*2
凝,Both*ギョウ*1*こ－る、こ－らす*2
出,Both*シュツ、スイ*2*で－る、だ－す*2
刀,Both*トウ*1*かたな*1
刃,Both*ジン*1*は*1
分,Both*ブン、フン、ぶ、ぶ*4*わ－ける、わ－かれる、わ－かる、わ－かつ*4
切,Both*セツ、サイ*2*き－る、き－れる*2
初,Both*ショ*1*はじ－め、はじ－めて、はつ、うい、そ－める*5
別,Both*ベツ*1*わか－れる*1
利,Both*リ*1*き－く*1
刷,Both*サツ*1*す－る*1
刺,Both*シ*1*さ－す、さ－さる*2
刻,Both*コク*1*きざ－む*1
削,Both*サク*1*けず－る*1
前,Both*ゼン*1*まえ*1
剣,Both*ケン*1*つるぎ*1
割,Both*カツ*1*わ－る、わり、わ－れる、さ－く*4
創,Both*ソウ*1*つく－る*1
力,Both*リョク、リキ*2*ちから*1
加,Both*カ*1*くわ－える、くわ－わる*2
劣,Both*レツ*1*おと－る*1
助,Both*ジョ*1*たす－ける、たす－かる、すけ*3
努,Both*ド*1*つと－める*1
励,Both*レイ*1*はげ－む、はげ－ます*2
効,Both*コウ*1*き－く*1
勇,Both*ユウ*1*いさ－む*1
動,Both*ドウ*1*うご－く、うご－かす*2
務,Both*ム*1*つと－める、つと－まる*2
勝,Both*ショウ*1*か－つ、まさ－る*2
募,Both*ボ*1*つの－る*1
勢,Both*セイ*1*いきお－い*1
勤,Both*キン、ゴン*2*つと－める、つと－まる*2
勧,Both*カン*1*すす－める*1
包,Both*ホウ*1*つつ－む*1
化,Both*カ、ケ*2*ば－ける、ば－かす*2
北,Both*ホク*1*きた*1
匹,Both*ヒツ*1*ひき*1
十,Both*ジュウ、ジッ*2*とお、と*2
千,Both*セン*1*ち*1
升,Both*ショウ*1*ます*1
半,Both*ハン*1*なか－ば*1
卑,Both*ヒ*1*いや－しい、いや－しむ、いや－しめる*3
南,Both*ナン、ナ*2*みなみ*1
占,Both*セン*1*し－める、うらな－う*2
印,Both*イン*1*しるし*1
危,Both*キ*1*あぶ－ない、あや－うい、あや－ぶむ*3
卵,Both*ラン*1*たまご*1
厚,Both*コウ*1*あつ－い*1
原,Both*ゲン*1*はら*1
厳,Both*ゲン、ゴン*2*おごそ－か、きび－しい*2
去,Both*キョ、コ*2*さ－る*1
参,Both*サン*1*まい－る*1
及,Both*キュウ*1*およ－ぶ、およ－び、およ－ぼす*3
友,Both*ユウ*1*とも*1
双,Both*ソウ*1*ふた*1
反,Both*ハン、ホン、たん、たん*4*そ－る、そ－らす*2
収,Both*シュウ*1*おさ－める、おさ－まる*2
取,Both*シュ*1*と－る*1
受,Both*ジュ*1*う－ける、う－かる*2
口,Both*コウ、ク*2*くち*1
古,Both*コ*1*ふる－い、ふる－す*2
叫,Both*キョウ*1*さけ－ぶ*1
召,Both*ショウ*1*め－す*1
右,Both*ウ、ユウ*2*みぎ*1
各,Both*カク*1*おのおの*1
合,Both*ゴウ、ガッ、かっ、かっ*4*あ－う、あ－わす、あ－わせる*3
同,Both*ドウ*1*おな－じ*1
名,Both*メイ、ミョウ*2*な*1
吐,Both*ト*1*は－く*1
向,Both*コウ*1*む－く、む－ける、む－かう、む－こう*4
君,Both*クン*1*きみ*1
否,Both*ヒ*1*いな*1
含,Both*ガン*1*ふく－む、ふく－める*2
吸,Both*キュウ*1*す－う*1
吹,Both*スイ*1*ふ－く*1
吾,Both*ア、ゴ*2*わ－れ*1
告,Both*コク*1*つ－げる*1
周,Both*シュウ*1*まわ－り*1
味,Both*ミ*1*あじ、あじ－わう*2
呼,Both*コ*1*よ－ぶ*1
命,Both*メイ、ミョウ*2*いのち*1
和,Both*ワ、オ*2*やわ－らぐ、やわ－らげる、なご－む、なご－やか*4
哀,Both*アイ*1*あわ－れ、あわ－れむ*2
品,Both*ヒン*1*しな*1
唆,Both*サ*1*そそのか－す*1
唇,Both*シン*1*くちびる*1
唐,Both*トウ*1*から*1
唱,Both*ショウ*1*とな－える*1
商,Both*ショウ*1*あきな－う*1
問,Both*モン*1*と－う、と－い、とん*3
善,Both*ゼン*1*よ－い*1
喜,Both*キ*1*よろこ－ぶ*1
喪,Both*ソウ*1*も*1
営,Both*エイ*1*いとな－む*1
嘆,Both*タン*1*なげ－く、なげ－かわしい*2
器,Both*キ*1*うつわ*1
噴,Both*フン*1*ふ－く*1
四,Both*シ*1*よ、よ－つ、よっ－つ、よん*4
回,Both*カイ、エ*2*まわ－る、まわ－す*2
因,Both*イン*1*よ－る*1
困,Both*コン*1*こま－る*1
囲,Both*イ*1*かこ－む、かこ－う*2
図,Both*ズ、ト*2*はか－る*1
固,Both*コ*1*かた－める、かた－まる、かた－い*3
国,Both*コク*1*くに*1
園,Both*エン*1*その*1
土,Both*ド、ト*2*つち*1
在,Both*ザイ*1*あ－る*1
坂,Both*ハン*1*さか*1
垂,Both*スイ*1*た－れる、た－らす*2
型,Both*ケイ*1*かた*1
埋,Both*マイ*1*う－める、う－まる、う－もれる*3
城,Both*ジョウ*1*しろ*1
執,Both*シツ、シュウ*2*と－る*1
培,Both*バイ*1*つちか－う*1
基,Both*キ*1*もと、もとい*2
堅,Both*ケン*1*かた－い*1
堤,Both*テイ*1*つつみ*1
堪,Both*カン*1*た－える*1
報,Both*ホウ*1*むく－いる*1
場,Both*ジョウ*1*ば*1
塊,Both*カイ*1*かたまり*1
塗,Both*ト*1*ぬ－る*1
塩,Both*エン*1*しお*1
境,Both*キョウ、ケイ*2*さかい*1
墓,Both*ボ*1*はか*1
増,Both*ゾウ*1*ま－す、ふ－える、ふ－やす*3
墨,Both*ボク*1*すみ*1
壁,Both*ヘキ*1*かべ*1
壊,Both*カイ*1*こわ－す、こわ－れる*2
声,Both*セイ、ショウ*2*こえ、こわ*2
売,Both*バイ*1*う－る、う－れる*2
変,Both*ヘン*1*か－わる、か－える*2
夏,Both*カ、ゲ*2*なつ*1
夕,Both*セキ*1*ゆう*1
外,Both*ガイ、ゲ*2*そと、ほか、はず－す、はず－れる*4
多,Both*タ*1*おお－い*1
夜,Both*ヤ*1*よ、よる*2
夢,Both*ム*1*ゆめ*1
大,Both*ダイ、タイ*2*おお、おお－きい、おお－いに*3
天,Both*テン*1*あめ、あま*2
太,Both*タイ、タ*2*ふと－い、ふと－る*2
夫,Both*フ、フウ*2*おっと、それ*2
失,Both*シツ*1*うしな－う*1
奉,Both*ホウ、ブ*2*たてまつ－る*1
奏,Both*ソウ*1*かな－でる*1
契,Both*ケイ*1*ちぎ－る*1
奥,Both*オウ*1*おく*1
奪,Both*ダツ*1*うば－う*1
奮,Both*フン*1*ふる－う*1
女,Both*ジョ、ニョ、にょう、にょう*4*おんな、め*2
好,Both*コウ*1*この－む、す－く*2
妨,Both*ボウ*1*さまた－げる*1
妹,Both*マイ*1*いもうと*1
妻,Both*サイ*1*つま*1
姉,Both*シ*1*あね*1
始,Both*シ*1*はじ－める、はじ－まる*2
委,Both*イ*1*ゆだ－ねる*1
姿,Both*シ*1*すがた*1
婿,Both*セイ*1*むこ*1
嫁,Both*カ*1*よめ、とつ－ぐ*2
嫌,Both*ケン、ゲン*2*きら－う、いや*2
子,Both*シ、ス*2*こ*1
字,Both*ジ*1*あざ*1
学,Both*ガク*1*まな－ぶ*1
孫,Both*ソン*1*まご*1
守,Both*シュ、ス*2*まも－る、も－り*2
安,Both*アン*1*やす－い*1
定,Both*テイ、ジョウ*2*さだ－める、さだ－まる、さだ－か*3
宝,Both*ホウ*1*たから*1
実,Both*ジツ*1*み、みの－る*2
室,Both*シツ*1*むろ*1
宮,Both*キュウ、グウ、く、く*4*みや*1
宵,Both*ショウ*1*よい*1
家,Both*カ、ケ*2*いえ、や*2
宿,Both*シュク*1*やど、やど－る、やど－す*3
寂,Both*ジャク、セキ*2*さび、さび－しい、さび－れる*3
寄,Both*キ*1*よ－る、よ－せる*2
富,Both*フ、フウ*2*と－む、とみ*2
寒,Both*カン*1*さむ－い*1
寝,Both*シン*1*ね－る、ね－かす*2
寺,Both*ジ*1*てら*1
寿,Both*ジュ*1*ことぶき*1
専,Both*セン*1*もっぱ－ら*1
射,Both*シャ*1*い－る*1
尊,Both*ソン*1*たっと－い、とうと－い、たっと－ぶ、とうと－ぶ*4
尋,Both*ジン*1*たず－ねる*1
導,Both*ドウ*1*みちび－く*1
小,Both*ショウ*1*ちい－さい、こ、お*3
少,Both*ショウ*1*すく－ない、すこ－し*2
就,Both*シュウ、ジュ*2*つ－く、つ－ける*2
尼,Both*ニ*1*あま*1
尽,Both*ジン*1*つ－くす、つ－きる、つ－かす*3
尾,Both*ビ*1*お*1
居,Both*キョ*1*い－る*1
屋,Both*オク*1*や*1
履,Both*リ*1*は－く*1
山,Both*サン*1*やま*1
岩,Both*ガン*1*いわ*1
岳,Both*ガク*1*たけ*1
岸,Both*ガン*1*きし*1
峰,Both*ホウ*1*みね*1
島,Both*トウ*1*しま*1
崩,Both*ホウ*1*くず－れる、くず－す*2
川,Both*セン*1*かわ*1
州,Both*シュウ*1*す*1
巡,Both*ジュン*1*めぐ－る*1
巣,Both*ソウ*1*す*1
左,Both*サ*1*ひだり*1
巧,Both*コウ*1*たく－み*1
差,Both*サ*1*さ－す*1
己,Both*コ、キ*2*おのれ*1
巻,Both*カン*1*ま－く、まき*2
市,Both*シ*1*いち*1
布,Both*フ*1*ぬの*1
帆,Both*ハン*1*ほ*1
帯,Both*タイ*1*お－びる、おび*2
帰,Both*キ*1*かえ－る、かえ－す*2
常,Both*ジョウ*1*つね、とこ*2
幅,Both*フク*1*はば*1
干,Both*カン*1*ほ－す、ひ－る*2
平,Both*ヘイ、ビョウ*2*たい－ら、ひら*2
年,Both*ネン*1*とし*1
幸,Both*コウ*1*さいわ－い、さち、しあわ－せ*3
幹,Both*カン*1*みき*1
幻,Both*ゲン*1*まぼろし*1
幼,Both*ヨウ*1*おさな－い*1
幾,Both*キ*1*いく*1
広,Both*コウ*1*ひろ－い、ひろ－まる、ひろ－める、ひろ－がる、ひろ－げる*5
床,Both*ショウ*1*とこ、ゆか*2
底,Both*テイ*1*そこ*1
店,Both*テン*1*みせ*1
度,Both*ド、ト*2*たび*1
座,Both*ザ*1*すわ－る*1
庭,Both*テイ*1*にわ*1
廃,Both*ハイ*1*すた－れる、すた－る*2
延,Both*エン*1*の－びる、の－べる、の－ばす*3
建,Both*ケン、コン*2*た－てる、た－つ*2
弁,Both*ベン*1*わきまえる*1
弓,Both*キュウ*1*ゆみ*1
弔,Both*チョウ*1*とむら－う*1
引,Both*イン*1*ひ－く、ひ－ける*2
弟,Both*テイ、ダイ*2*おとうと*1
弦,Both*ゲン*1*つる*1
弱,Both*ジャク*1*よわ－い、よわ－る、よわ－まる、よわ－める*4
張,Both*チョウ*1*は－る*1
強,Both*キョウ、ゴウ*2*つよ－い、つよ－まる、つよ－める、し－いる*4
弾,Both*ダン*1*ひ－く、はず－む、たま*3
当,Both*トウ*1*あ－たる、あ－てる*2
形,Both*ケイ、ギョウ*2*かた、かたち*2
彩,Both*サイ*1*いろど－る*1
彫,Both*チョウ*1*ほ－る*1
影,Both*エイ*1*かげ*1
彼,Both*ヒ*1*かれ、かの*2
待,Both*タイ*1*ま－つ*1
後,Both*ゴ、コウ*2*のち、うし－ろ、あと、おく－れる*4
従,Both*ジュウ、ショウ、じゅ、じゅ*4*したが－う、したが－える*2
得,Both*トク*1*え－る、う－る*2
御,Both*ギョ、ゴ*2*おん*1
心,Both*シン*1*こころ*1
必,Both*ヒツ*1*かなら－ず*1
忌,Both*キ*1*い－む、い－まわしい*2
忍,Both*ニン*1*しの－ぶ、しの－ばせる*2
志,Both*シ*1*こころざ－す、こころざし*2
忘,Both*ボウ*1*わす－れる*1
忙,Both*ボウ*1*いそが－しい*1
応,Both*オウ*1*こた－える*1
快,Both*カイ*1*こころよ－い*1
怒,Both*ド*1*いか－る、おこ－る*2
怖,Both*フ*1*こわ－い*1
思,Both*シ*1*おも－う*1
怠,Both*タイ*1*おこた－る、なま－ける*2
急,Both*キュウ*1*いそ－ぐ*1
怪,Both*カイ*1*あや－しい、あや－しむ*2
恋,Both*レン*1*こ－う、こい、こい－しい*3
恐,Both*キョウ*1*おそ－れる、おそ－ろしい*2
恥,Both*チ*1*は－じる、はじ、は－じらう、は－ずかしい*4
恨,Both*コン*1*うら－む、うら－めしい*2
恭,Both*キョウ*1*うやうや－しい*1
息,Both*ソク*1*いき*1
恵,Both*ケイ、エ*2*めぐ－む*1
悔,Both*カイ*1*く－いる、く－やむ、くや－しい*3
悟,Both*ゴ*1*さと－る*1
患,Both*カン*1*わずら－う*1
悩,Both*ノウ*1*なや－む、なや－ます*2
悪,Both*アク、オ*2*わる－い*1
悲,Both*ヒ*1*かな－しい、かな－しむ*2
悼,Both*トウ*1*いた－む*1
情,Both*ジョウ、セイ*2*なさ－け*1
惑,Both*ワク*1*まど－う*1
惜,Both*セキ*1*お－しい、お－しむ*2
惨,Both*サン、ザン*2*みじ－め*1
愁,Both*シュウ*1*うれ－える、うれ－い*2
愚,Both*グ*1*おろ－か*1
慈,Both*ジ*1*いつく－しむ*1
慌,Both*コウ*1*あわ－てる、あわ－ただしい*2
慎,Both*シン*1*つつし－む*1
慕,Both*ボ*1*した－う*1
慣,Both*カン*1*な－れる、な－らす*2
慰,Both*イ*1*なぐさ－める、なぐさ－む*2
憂,Both*ユウ*1*うれ－える、うれ－い、う－い*3
憎,Both*ゾウ*1*にく－む、にく－い、にく－らしい、にく－しみ*4
憤,Both*フン*1*いきどお－る*1
憩,Both*ケイ*1*いこ－い、いこ－う*2
懇,Both*コン*1*ねんご－ろ*1
懐,Both*カイ*1*ふところ、なつ－かしい、なつ－かしむ、なつ－く、なつ－ける*5
懲,Both*チョウ*1*こ－りる、こ－らす、こ－らしめる*3
懸,Both*ケン、ケ*2*か－ける、か－かる*2
成,Both*セイ、ジョウ*2*な－る、な－す*2
我,Both*ガ*1*われ、わ*2
戒,Both*カイ*1*いまし－める*1
戦,Both*セン*1*いくさ、たたか－う*2
戯,Both*ギ*1*たわむ－れる*1
戸,Both*コ*1*と*1
戻,Both*レイ*1*もど－す、もど－る*2
房,Both*ボウ*1*ふさ*1
所,Both*ショ*1*ところ*1
扇,Both*セン*1*おうぎ*1
扉,Both*ヒ*1*とびら*1
手,Both*シュ*1*て、た*2
打,Both*ダ*1*う－つ*1
払,Both*フツ*1*はら－う*1
承,Both*ショウ*1*うけたまわ－る*1
技,Both*ギ*1*わざ*1
抑,Both*ヨク*1*おさ－える*1
投,Both*トウ*1*な－げる*1
折,Both*セツ*1*お－る、おり、お－れる*3
抜,Both*バツ*1*ぬ－く、ぬ－ける、ぬ－かす、ぬ－かる*4
抱,Both*ホウ*1*だ－く、いだ－く、かか－える*3
押,Both*オウ*1*お－す、お－さえる*2
担,Both*タン*1*かつ－ぐ、にな－う*2
拒,Both*キョ*1*こば－む*1
拙,Both*セツ*1*つたな－い*1
招,Both*ショウ*1*まね－く*1
拝,Both*ハイ*1*おが－む*1
拾,Both*シュウ、ジュウ*2*ひろ－う*1
持,Both*ジ*1*も－つ*1
指,Both*シ*1*ゆび、さ－す*2
挑,Both*チョウ*1*いど－む*1
挙,Both*キョ*1*あ－げる、あ－がる*2
挟,Both*キョウ*1*はさ－む、はさ－まる*2
振,Both*シン*1*ふ－る、ふ－るう、ふ－れる*3
挿,Both*ソウ*1*さ－す*1
捕,Both*ホ*1*と－らえる、と－らわれる、と－る、つか－まえる、つか－まる*5
捜,Both*ソウ*1*さが－す*1
捨,Both*シャ*1*す－てる*1
掃,Both*ソウ*1*は－く*1
授,Both*ジュ*1*さず－ける、さず－かる*2
掘,Both*クツ*1*ほ－る*1
採,Both*サイ*1*と－る*1
探,Both*タン*1*さぐ－る、さが－す*2
接,Both*セツ*1*つ－ぐ*1
控,Both*コウ*1*ひか－える*1
推,Both*スイ*1*お－す*1
掲,Both*ケイ*1*かか－げる*1
描,Both*ビョウ*1*えが－く、か－く*2
提,Both*テイ*1*さ－げる*1
揚,Both*ヨウ*1*あ－げる、あ－がる*2
換,Both*カン*1*か－える、か－わる*2
握,Both*アク*1*にぎ－る*1
揺,Both*ヨウ*1*ゆ－れる、ゆ－る、ゆ－らぐ、ゆ－るぐ、ゆ－する、ゆ－さぶる、ゆ－すぶる*7
損,Both*ソン*1*そこ－なう、そこ－ねる*2
携,Both*ケイ*1*たずさ－える、たずさ－わる*2
搾,Both*サク*1*しぼ－る*1
摘,Both*テキ*1*つ－む*1
撃,Both*ゲキ*1*う－つ*1
撮,Both*サツ*1*と－る*1
操,Both*ソウ*1*みさお、あやつ－る*2
擦,Both*サツ*1*す－る、す－れる*2
支,Both*シ*1*ささ－える*1
改,Both*カイ*1*あらた－める、あらた－まる*2
攻,Both*コウ*1*せ－める*1
放,Both*ホウ*1*はな－す、はな－つ、はな－れる、ほう－る*4
政,Both*セイ、ショウ*2*まつりごと*1
故,Both*コ*1*ゆえ*1
救,Both*キュウ*1*すく－う*1
敗,Both*ハイ*1*やぶ－れる*1
教,Both*キョウ*1*おし－える、おそ－わる*2
散,Both*サン*1*ち－る、ち－らす、ち－らかす、ち－らかる*4
敬,Both*ケイ*1*うやま－う*1
数,Both*スウ、ス*2*かず、かぞ－える*2
整,Both*セイ*1*ととの－える、ととの－う*2
敵,Both*テキ*1*かたき*1
敷,Both*フ*1*し－く*1
文,Both*ブン、モン*2*ふみ*1
斜,Both*シャ*1*なな－め*1
断,Both*ダン*1*た－つ、ことわ－る*2
新,Both*シン*1*あたら－しい、あら－た、にい*3
方,Both*ホウ*1*かた*1
施,Both*シ、セ*2*ほどこ－す*1
旅,Both*リョ*1*たび*1
旗,Both*キ*1*はた*1
既,Both*キ*1*すで－に*1
日,Both*ニチ、ジツ*2*ひ、か*2
旨,Both*シ*1*むね*1
早,Both*ソウ、サッ*2*はや－い、はや－まる、はや－める*3
昇,Both*ショウ*1*のぼ－る*1
明,Both*メイ、ミョウ*2*あ－かり、あか－るい、あか－るむ、あか－らむ、あき－らか、あ－ける、あ－く、あ－くる、あ－かす*9
易,Both*エキ、イ*2*やさ－しい*1
昔,Both*セキ、シャク*2*むかし*1
星,Both*セイ、ショウ*2*ほし*1
映,Both*エイ*1*うつ－る、うつ－す、は－える*3
春,Both*シュン*1*はる*1
昼,Both*チュウ*1*ひる*1
時,Both*ジ*1*とき*1
晴,Both*セイ*1*は－れる、は－らす*2
暁,Both*ギョウ*1*あかつき*1
暇,Both*カ*1*ひま*1
暑,Both*ショ*1*あつ－い*1
暖,Both*ダン*1*あたた－か、あたた－かい、あたた－まる、あたた－める*4
暗,Both*アン*1*くら－い*1
暦,Both*レキ*1*こよみ*1
暮,Both*ボ*1*く－れる、く－らす*2
暴,Both*ボウ、バク*2*あば－く、あば－れる*2
曇,Both*ドン*1*くも－る*1
曲,Both*キョク*1*ま－がる、ま－げる*2
更,Both*コウ*1*さら、ふ－ける、ふ－かす*3
書,Both*ショ*1*か－く*1
替,Both*タイ*1*か－える、か－わる*2
最,Both*サイ*1*もっと－も*1
月,Both*ゲツ、ガツ*2*つき*1
有,Both*ユウ、ウ*2*あ－る*1
朗,Both*ロウ*1*ほが－らか*1
望,Both*ボウ、モウ*2*のぞ－む*1
朝,Both*チョウ*1*あさ*1
木,Both*ボク、モク*2*き、こ*2
末,Both*マツ、バツ*2*すえ*1
本,Both*ホン*1*もと*1
札,Both*サツ*1*ふだ*1
机,Both*キ*1*つくえ*1
朽,Both*キュウ*1*く－ちる*1
村,Both*ソン*1*むら*1
束,Both*ソク*1*たば*1
来,Both*ライ*1*く－る、きた－る、きた－す*3
杯,Both*ハイ*1*さかずき*1
東,Both*トウ*1*ひがし*1
松,Both*ショウ*1*まつ*1
板,Both*ハン、バン*2*いた*1
林,Both*リン*1*はやし*1
果,Both*カ*1*は－たす、は－てる、は－て*3
枝,Both*シ*1*えだ*1
枯,Both*コ*1*か－れる、か－らす*2
架,Both*カ*1*か－ける、か－かる*2
柄,Both*ヘイ*1*がら、え*2
染,Both*セン*1*そ－める、そ－まる、し－みる、し－み*4
柔,Both*ジュウ、ニュウ*2*やわ－らか、やわ－らかい*2
柱,Both*チュウ*1*はしら*1
柳,Both*リュウ*1*やなぎ*1
栄,Both*エイ*1*さか－える、は－え、は－える*3
根,Both*コン*1*ね*1
桃,Both*トウ*1*もも*1
桑,Both*ソウ*1*くわ*1
桜,Both*オウ*1*さくら*1
梅,Both*バイ*1*うめ*1
棟,Both*トウ*1*むね、むな*2
森,Both*シン*1*もり*1
植,Both*ショク*1*う－える、う－わる*2
業,Both*ギョウ、ゴウ*2*わざ*1
極,Both*キョク、ゴク*2*きわ－める、きわ－まる、きわ－み*3
楽,Both*ガク、ラク*2*たの－しい、たの－しむ*2
構,Both*コウ*1*かま－える、かま－う*2
様,Both*ヨウ*1*さま*1
横,Both*オウ*1*よこ*1
橋,Both*キョウ*1*はし*1
機,Both*キ*1*はた*1
欠,Both*ケツ*1*か－ける、か－く*2
次,Both*ジ、シ*2*つ－ぐ、つぎ*2
欲,Both*ヨク*1*ほっ－する、ほ－しい*2
欺,Both*ギ*1*あざむ－く*1
歌,Both*カ*1*うた、うた－う*2
止,Both*シ*1*と－まる、と－める*2
正,Both*セイ、ショウ*2*ただ－しい、ただ－す、まさ*3
歩,Both*ホ、ブ、ふ、ふ*4*ある－く、あゆ－む*2
歯,Both*シ*1*は*1
死,Both*シ*1*し－ぬ*1
殊,Both*シュ*1*こと*1
残,Both*ザン*1*のこ－る、のこ－す*2
殖,Both*ショク*1*ふ－える、ふ－やす*2
殴,Both*オウ*1*なぐ－る*1
殺,Both*サツ、サイ、せつ、せつ*4*ころ－す*1
殻,Both*カク*1*から*1
殿,Both*デン、テン*2*との、どの*2
母,Both*ボ*1*はは*1
比,Both*ヒ*1*くら－べる*1
毛,Both*モウ*1*け*1
氏,Both*シ*1*うじ*1
民,Both*ミン*1*たみ*1
水,Both*スイ*1*みず*1
氷,Both*ヒョウ*1*こおり、ひ*2
永,Both*エイ*1*なが－い*1
汁,Both*ジュウ*1*しる*1
求,Both*キュウ*1*もと－める*1
汗,Both*カン*1*あせ*1
汚,Both*オ*1*けが－す、けが－れる、けが－らわしい、よご－す、よご－れる、きたな－い*6
江,Both*コウ*1*え*1
池,Both*チ*1*いけ*1
決,Both*ケツ*1*き－める、き－まる*2
沈,Both*チン*1*しず－む、しず－める*2
沖,Both*チュウ*1*おき*1
沢,Both*タク*1*さわ*1
河,Both*カ*1*かわ*1
沸,Both*フツ*1*わ－く、わ－かす*2
油,Both*ユ*1*あぶら*1
治,Both*ジ、チ*2*おさ－める、おさ－まる、なお－る、なお－す*4
沼,Both*ショウ*1*ぬま*1
沿,Both*エン*1*そ－う*1
泉,Both*セン*1*いずみ*1
泊,Both*ハク*1*と－まる、と－める*2
泡,Both*ホウ*1*あわ*1
波,Both*ハ*1*なみ*1
泣,Both*キュウ*1*な－く*1
泥,Both*デイ*1*どろ*1
注,Both*チュウ*1*そそ－ぐ*1
泳,Both*エイ*1*およ－ぐ*1
洗,Both*セン*1*あら－う*1
洞,Both*ドウ*1*ほら*1
津,Both*シン*1*つ*1
流,Both*リュウ、ル*2*なが－れる、なが－す*2
浅,Both*セン*1*あさ－い*1
浜,Both*ヒン*1*はま*1
浮,Both*フ*1*う－く、う－かれる、う－かぶ、う－かべる*4
浴,Both*ヨク*1*あ－びる、あ－びせる*2
海,Both*カイ*1*うみ*1
浸,Both*シン*1*ひた－す、ひた－る*2
消,Both*ショウ*1*き－える、け－す*2
涙,Both*ルイ*1*なみだ*1
涼,Both*リョウ*1*すず－しい、すず－む*2
淡,Both*タン*1*あわ－い*1
深,Both*シン*1*ふか－い、ふか－まる、ふか－める*3
混,Both*コン*1*ま－じる、ま－ざる、ま－ぜる、こ－む*4
添,Both*テン*1*そ－える、そ－う*2
清,Both*セイ、ショウ*2*きよ－い、きよ－まる、きよ－める*3
渇,Both*カツ*1*かわ－く*1
済,Both*サイ*1*す－む、す－ます*2
渋,Both*ジュウ*1*しぶ、しぶ－い、しぶ－る*3
減,Both*ゲン*1*へ－る、へ－らす*2
渡,Both*ト*1*わた－る、わた－す*2
渦,Both*カ*1*うず*1
温,Both*オン*1*あたた－か、あたた－かい、あたた－まる、あたた－める*4
測,Both*ソク*1*はか－る*1
港,Both*コウ*1*みなと*1
湖,Both*コ*1*みずうみ*1
湯,Both*トウ*1*ゆ*1
湿,Both*シツ*1*しめ－る、しめ－す*2
満,Both*マン*1*み－ちる、み－たす*2
源,Both*ゲン*1*みなもと*1
溝,Both*コウ*1*みぞ*1
溶,Both*ヨウ*1*と－ける、と－かす、と－く*3
滅,Both*メツ*1*ほろ－びる、ほろ－ぼす*2
滑,Both*カツ、コツ*2*すべ－る、なめ－らか*2
滞,Both*タイ*1*とどこお－る*1
滴,Both*テキ*1*しずく、したた－る*2
漂,Both*ヒョウ*1*ただよ－う*1
漆,Both*シツ*1*うるし*1
漏,Both*ロウ*1*も－る、も－れる、も－らす*3
潔,Both*ケツ*1*いさぎよ－い*1
潜,Both*セン*1*ひそ－む、もぐ－る*2
潤,Both*ジュン*1*うるお－う、うるお－す、うる－む*3
潮,Both*チョウ*1*しお*1
澄,Both*チョウ*1*す－む、す－ます*2
激,Both*ゲキ*1*はげ－しい*1
濁,Both*ダク*1*にご－る、にご－す*2
濃,Both*ノウ*1*こ－い*1
火,Both*カ*1*ひ、ほ*2
灯,Both*トウ*1*ひ*1
灰,Both*カイ*1*はい*1
災,Both*サイ*1*わざわ－い*1
炊,Both*スイ*1*た－く*1
炎,Both*エン*1*ほのお*1
炭,Both*タン*1*すみ*1
無,Both*ム、ブ*2*な－い*1
焦,Both*ショウ*1*こ－げる、こ－がす、こ－がれる、あせ－る*4
焼,Both*ショウ*1*や－く、や－ける*2
煙,Both*エン*1*けむ－る、けむり、けむ－い*3
照,Both*ショウ*1*て－る、て－らす、て－れる*3
煩,Both*ハン、ボン*2*わずら－う、わずら－わす*2
煮,Both*シャ*1*に－る、に－える、に－やす*3
熟,Both*ジュク*1*う－れる*1
熱,Both*ネツ*1*あつ－い*1
燃,Both*ネン*1*も－える、も－やす、も－す*3
父,Both*フ*1*ちち*1
片,Both*ヘン*1*かた*1
牙,Both*ガ、ゲ*2*きば*1
牛,Both*ギュウ*1*うし*1
牧,Both*ボク*1*まき*1
物,Both*ブツ、モツ*2*もの*1
犬,Both*ケン*1*いぬ*1
犯,Both*ハン*1*おか－す*1
狂,Both*キョウ*1*くる－う、くる－おしい*2
狩,Both*シュ*1*か－る、か－り*2
独,Both*ドク*1*ひと－り*1
狭,Both*キョウ*1*せま－い、せば－める、せば－まる*3
猫,Both*ビョウ*1*ねこ*1
猿,Both*エン*1*さる*1
獣,Both*ジュウ*1*けもの*1
獲,Both*カク*1*え－る*1
率,Both*ソツ、リツ*2*ひき－いる*1
玉,Both*ギョク*1*たま*1
珍,Both*チン*1*めずら－しい*1
現,Both*ゲン*1*あらわ－れる、あらわ－す*2
球,Both*キュウ*1*たま*1
琴,Both*キン*1*こと*1
瓦,Both*ガ*1*かわら*1
甘,Both*カン*1*あま－い、あま－える、あま－やかす*3
甚,Both*ジン*1*はなは－だ、はなは－だしい*2
生,Both*セイ、ショウ*2*い－きる、い－かす、い－ける、う－まれる、う－む、お－う、は－える、は－やす、き、なま*10
産,Both*サン*1*う－む、う－まれる、うぶ*3
用,Both*ヨウ*1*もち－いる*1
田,Both*デン*1*た*1
由,Both*ユ、ユウ、ゆい、ゆい*4*よし*1
申,Both*シン*1*もう－す*1
男,Both*ダン、ナン*2*おとこ*1
町,Both*チョウ*1*まち*1
留,Both*リュウ、ル*2*と－める、と－まる*2
異,Both*イ*1*こと*1
畳,Both*ジョウ*1*たた－む、たたみ*2
疎,Both*ソ*1*うと－い、うと－む*2
疑,Both*ギ*1*うたが－う*1
疲,Both*ヒ*1*つか－れる*1
病,Both*ビョウ、ヘイ*2*や－む、やまい*2
痛,Both*ツウ*1*いた－い、いた－む、いた－める*3
癒,Both*ユ*1*い－える、い－やす*2
癖,Both*ヘキ*1*くせ*1
登,Both*トウ、ト*2*のぼ－る*1
白,Both*ハク、ビャク*2*しろ、しら、しろ－い*3
的,Both*テキ*1*まと*1
皆,Both*カイ*1*みな*1
皮,Both*ヒ*1*かわ*1
盗,Both*トウ*1*ぬす－む*1
盛,Both*セイ、ジョウ*2*も－る、さか－る、さか－ん*3
目,Both*モク、ボク*2*め、ま*2
直,Both*チョク、ジキ*2*ただ－ちに、なお－す、なお－る*3
相,Both*ソウ、ショウ*2*あい*1
盾,Both*ジュン*1*たて*1
省,Both*セイ、ショウ*2*かえり－みる、はぶ－く*2
真,Both*シン*1*ま*1
眠,Both*ミン*1*ねむ－る、ねむ－い*2
眺,Both*チョウ*1*なが－める*1
眼,Both*ガン、ゲン*2*まなこ*1
着,Both*チャク、ジャク*2*き－る、き－せる、つ－く、つ－ける*4
瞬,Both*シュン*1*またた－く*1
瞳,Both*ドウ*1*ひとみ*1
矛,Both*ム*1*ほこ*1
矢,Both*シ*1*や*1
知,Both*チ*1*し－る*1
短,Both*タン*1*みじか－い*1
矯,Both*キョウ*1*た－める*1
石,Both*セキ、シャク*2*いし*1
砂,Both*サ、シャ*2*すな*1
研,Both*ケン*1*と－ぐ*1
砕,Both*サイ*1*くだ－く、くだ－ける*2
破,Both*ハ*1*やぶ－る、やぶ－れる*2
硬,Both*コウ*1*かた－い*1
確,Both*カク*1*たし－か、たし－かめる*2
磨,Both*マ*1*みが－く*1
礎,Both*ソ*1*いしずえ*1
示,Both*ジ、シ*2*しめ－す*1
社,Both*シャ*1*やしろ*1
祈,Both*キ*1*いの－る*1
祝,Both*シュク、シュウ*2*いわ－う*1
神,Both*シン、ジン*2*かみ、かん、、こう*3
祭,Both*サイ*1*まつ－る、まつ－り*2
秀,Both*シュウ*1*ひい－でる*1
私,Both*シ*1*わたくし、わたし*2
秋,Both*シュウ*1*あき*1
秘,Both*ヒ*1*ひ－める*1
移,Both*イ*1*うつ－る、うつ－す*2
程,Both*テイ*1*ほど*1
種,Both*シュ*1*たね*1
稲,Both*トウ*1*いね、いな*2
稼,Both*カ*1*かせ－ぐ*1
穂,Both*スイ*1*ほ*1
積,Both*セキ*1*つ－む、つ－もる*2
穏,Both*オン*1*おだ－やか*1
穴,Both*ケツ*1*あな*1
究,Both*キュウ*1*きわ－める*1
空,Both*クウ*1*そら、あ－く、あ－ける、から*4
突,Both*トツ*1*つ－く*1
窓,Both*ソウ*1*まど*1
窮,Both*キュウ*1*きわ－める、きわ－まる*2
窯,Both*ヨウ*1*かま*1
立,Both*リツ、リュウ*2*た－つ、た－てる*2
竜,Both*リュウ*1*たつ*1
童,Both*ドウ*1*わらべ*1
端,Both*タン*1*はし、は、はた*3
競,Both*キョウ、ケイ*2*きそ－う、せ－る*2
竹,Both*チク*1*たけ*1
笑,Both*ショウ*1*わら－う、え－む*2
笛,Both*テキ*1*ふえ*1
筆,Both*ヒツ*1*ふで*1
等,Both*トウ*1*ひと－しい*1
筋,Both*キン*1*すじ*1
筒,Both*トウ*1*つつ*1
答,Both*トウ*1*こた－える、こた－え*2
管,Both*カン*1*くだ*1
節,Both*セツ、セチ*2*ふし*1
築,Both*チク*1*きず－く*1
米,Both*ベイ、マイ*2*こめ*1
粉,Both*フン*1*こ、こな*2
粋,Both*スイ*1*いき*1
粒,Both*リュウ*1*つぶ*1
粗,Both*ソ*1*あら－い*1
粘,Both*ネン*1*ねば－る*1
糧,Both*リョウ、ロウ*2*かて*1
糸,Both*シ*1*いと*1
紅,Both*コウ、ク*2*べに、くれない*2
納,Both*ノウ、ナッ、なん、なん*4*おさ－める、おさ－まる*2
紙,Both*シ*1*かみ*1
紛,Both*フン*1*まぎ－れる、まぎ－らす、まぎ－らわす、まぎ－らわしい*4
紡,Both*ボウ*1*つむ－ぐ*1
紫,Both*シ*1*むらさき*1
細,Both*サイ*1*ほそ－い、ほそ－る、こま－か、こま－かい*4
終,Both*シュウ*1*お－わる、お－える*2
組,Both*ソ*1*く－む、くみ*2
経,Both*ケイ、キョウ*2*へ－る*1
結,Both*ケツ*1*むす－ぶ、ゆ－う、ゆ－わえる*3
絞,Both*コウ*1*しぼ－る、し－める、し－まる*3
絡,Both*ラク*1*から－む、から－まる、から－める*3
統,Both*トウ*1*す－べる*1
絶,Both*ゼツ*1*た－える、た－やす、た－つ*3
絹,Both*ケン*1*きぬ*1
継,Both*ケイ*1*つ－ぐ*1
続,Both*ゾク*1*つづ－く、つづ－ける*2
綱,Both*コウ*1*つな*1
網,Both*モウ*1*あみ*1
綿,Both*メン*1*わた*1
緑,Both*リョク、ロク*2*みどり*1
緒,Both*ショ、チョ*2*お*1
締,Both*テイ*1*し－まる、し－める*2
編,Both*ヘン*1*あ－む*1
緩,Both*カン*1*ゆる－い、ゆる－やか、ゆる－む、ゆる－める*4
練,Both*レン*1*ね－る*1
縁,Both*エン*1*ふち*1
縄,Both*ジョウ*1*なわ*1
縛,Both*バク*1*しば－る*1
縦,Both*ジュウ*1*たて*1
縫,Both*ホウ*1*ぬ－う*1
縮,Both*シュク*1*ちぢ－む、ちぢ－まる、ちぢ－める、ちぢ－れる、ちぢ－らす*5
織,Both*ショク、シキ*2*お－る*1
繕,Both*ゼン*1*つくろ－う*1
繭,Both*ケン*1*まゆ*1
罪,Both*ザイ*1*つみ*1
置,Both*チ*1*お－く*1
羊,Both*ヨウ*1*ひつじ*1
美,Both*ビ*1*うつく－しい*1
群,Both*グン*1*む－れる、む－れ、むら*3
羨,Both*セン*1*うらや－む、うらや－ましい*2
羽,Both*ウ*1*は、はね*2
習,Both*シュウ*1*なら－う*1
翻,Both*ホン*1*ひるがえ－る、ひるがえ－す*2
翼,Both*ヨク*1*つばさ*1
老,Both*ロウ*1*お－いる、ふ－ける*2
考,Both*コウ*1*かんが－える*1
者,Both*シャ*1*もの*1
耐,Both*タイ*1*た－える*1
耕,Both*コウ*1*たがや－す*1
耳,Both*ジ*1*みみ*1
聞,Both*ブン、モン*2*き－く、き－こえる*2
聴,Both*チョウ*1*き－く*1
肝,Both*カン*1*きも*1
肥,Both*ヒ*1*こ－える、こえ、こ－やす、こ－やし*4
肩,Both*ケン*1*かた*1
育,Both*イク*1*そだ－つ、そだ－てる、はぐく－む*3
背,Both*ハイ*1*せ、せい、そむ－く、そむ－ける*4
胸,Both*キョウ*1*むね、むな*2
脂,Both*シ*1*あぶら*1
脅,Both*キョウ*1*おびや－かす、おど－す、おど－かす*3
脚,Both*キャク、キャ*2*あし*1
脱,Both*ダツ*1*ぬ－ぐ、ぬ－げる*2
腐,Both*フ*1*くさ－る、くさ－れる、くさ－らす*3
腕,Both*ワン*1*うで*1
腰,Both*ヨウ*1*こし*1
腹,Both*フク*1*はら*1
膨,Both*ボウ*1*ふく－らむ、ふく－れる*2
臨,Both*リン*1*のぞ－む*1
自,Both*ジ、シ*2*みずか－ら*1
臭,Both*シュウ*1*くさ－い、にお－う*2
至,Both*シ*1*いた－る*1
致,Both*チ*1*いた－す*1
興,Both*コウ、キョウ*2*おこ－る、おこ－す*2
舌,Both*ゼツ*1*した*1
舞,Both*ブ*1*ま－う、まい*2
舟,Both*シュウ*1*ふね、ふな*2
船,Both*セン*1*ふね、ふな*2
良,Both*リョウ*1*よ－い*1
色,Both*ショク、シキ*2*いろ*1
艶,Both*エン*1*つや*1
花,Both*カ*1*はな*1
芳,Both*ホウ*1*かんば－しい*1
芽,Both*ガ*1*め*1
苗,Both*ビョウ*1*なえ、なわ*2
若,Both*ジャク、ニャク*2*わか－い、も－しくは*2
苦,Both*ク*1*くる－しい、くる－しむ、くる－しめる、にが－い、にが－る*5
茂,Both*モ*1*しげ－る*1
茎,Both*ケイ*1*くき*1
草,Both*ソウ*1*くさ*1
荒,Both*コウ*1*あら－い、あ－れる、あ－らす*3
荷,Both*カ*1*に*1
菜,Both*サイ*1*な*1
華,Both*カ、ケ*2*はな*1
落,Both*ラク*1*お－ちる、お－とす*2
葉,Both*ヨウ*1*は*1
著,Both*チョ*1*あらわ－す、いちじる－しい*2
葬,Both*ソウ*1*ほうむ－る*1
蒸,Both*ジョウ*1*む－す、む－れる、む－らす*3
蓄,Both*チク*1*たくわ－える*1
蔵,Both*ゾウ*1*くら*1
薄,Both*ハク*1*うす－い、うす－める、うす－まる、うす－らぐ、うす－れる*5
薦,Both*セン*1*すす－める*1
薪,Both*シン*1*たきぎ*1
薫,Both*クン*1*かお－る*1
薬,Both*ヤク*1*くすり*1
藤,Both*トウ*1*ふじ*1
藻,Both*ソウ*1*も*1
虎,Both*コ*1*とら*1
虐,Both*ギャク*1*しいた－げる*1
虫,Both*チュウ*1*むし*1
蚕,Both*サン*1*かいこ*1
蛇,Both*ジャ、ダ*2*へび*1
蛍,Both*ケイ*1*ほたる*1
血,Both*ケツ*1*ち*1
行,Both*コウ、ギョウ、あん、あん*4*い－く、ゆ－く、おこな－う*3
街,Both*ガイ、カイ*2*まち*1
衣,Both*イ*1*ころも*1
表,Both*ヒョウ*1*おもて、あらわ－す、あらわ－れる*3
衰,Both*スイ*1*おとろ－える*1
袋,Both*タイ*1*ふくろ*1
袖,Both*シュウ*1*そで*1
被,Both*ヒ*1*こうむ－る*1
裁,Both*サイ*1*た－つ、さば－く*2
裂,Both*レツ*1*さ－く、さ－ける*2
装,Both*ソウ、ショウ*2*よそお－う*1
裏,Both*リ*1*うら*1
補,Both*ホ*1*おぎな－う*1
裸,Both*ラ*1*はだか*1
褒,Both*ホウ*1*ほ－める*1
襟,Both*キン*1*えり*1
襲,Both*シュウ*1*おそ－う*1
西,Both*セイ、サイ*2*にし*1
要,Both*ヨウ*1*かなめ、い－る*2
覆,Both*フク*1*おお－う、くつがえ－す、くつがえ－る*3
見,Both*ケン*1*み－る、み－える、み－せる*3
覚,Both*カク*1*おぼ－える、さ－ます、さ－める*3
親,Both*シン*1*おや、した－しい、した－しむ*3
角,Both*カク*1*かど、つの*2
解,Both*カイ、ゲ*2*と－く、と－かす、と－ける*3
触,Both*ショク*1*ふ－れる、さわ－る*2
言,Both*ゲン、ゴン*2*い－う、こと*2
計,Both*ケイ*1*はか－る、はか－らう*2
討,Both*トウ*1*う－つ*1
記,Both*キ*1*しる－す*1
訪,Both*ホウ*1*おとず－れる、たず－ねる*2
設,Both*セツ*1*もう－ける*1
許,Both*キョ*1*ゆる－す*1
訳,Both*ヤク*1*わけ*1
訴,Both*ソ*1*うった－える*1
診,Both*シン*1*み－る*1
詔,Both*ショウ*1*みことのり*1
詠,Both*エイ*1*よ－む*1
試,Both*シ*1*こころ－みる、ため－す*2
詰,Both*キツ*1*つ－める、つ－まる、つ－む*3
話,Both*ワ*1*はな－す、はなし*2
詳,Both*ショウ*1*くわ－しい*1
誇,Both*コ*1*ほこ－る*1
誉,Both*ヨ*1*ほま－れ*1
認,Both*ニン*1*みと－める*1
誓,Both*セイ*1*ちか－う*1
誘,Both*ユウ*1*さそ－う*1
語,Both*ゴ*1*かた－る、かた－らう*2
誠,Both*セイ*1*まこと*1
誤,Both*ゴ*1*あやま－る*1
説,Both*セツ、ゼイ*2*と－く*1
読,Both*ドク、トク、とう、とう*4*よ－む*1
調,Both*チョウ*1*しら－べる、ととの－う、ととの－える*3
請,Both*セイ、シン*2*こ－う、う－ける*2
諭,Both*ユ*1*さと－す*1
諮,Both*シ*1*はか－る*1
謀,Both*ボウ、ム*2*はか－る*1
謝,Both*シャ*1*あやま－る*1
謡,Both*ヨウ*1*うたい、うた－う*2
謹,Both*キン*1*つつし－む*1
譲,Both*ジョウ*1*ゆず－る*1
谷,Both*コク*1*たに*1
豆,Both*トウ、ズ*2*まめ*1
豊,Both*ホウ*1*ゆた－か*1
豚,Both*トン*1*ぶた*1
負,Both*フ*1*ま－ける、ま－かす、お－う*3
貢,Both*コウ、ク*2*みつ－ぐ*1
貧,Both*ヒン、ビン*2*まず－しい*1
貫,Both*カン*1*つらぬ－く*1
責,Both*セキ*1*せ－める*1
貴,Both*キ*1*たっと－い、とうと－い、たっと－ぶ、とうと－ぶ*4
買,Both*バイ*1*か－う*1
貸,Both*タイ*1*か－す*1
費,Both*ヒ*1*つい－やす、つい－える*2
賄,Both*ワイ*1*まかな－う*1
賜,Both*シ*1*たまわ－る*1
賢,Both*ケン*1*かしこ－い*1
賭,Both*ト*1*か－ける*1
贈,Both*ゾウ、ソウ*2*おく－る*1
赤,Both*セキ、シャク*2*あか、あか－い、あか－らむ、あか－らめる*4
走,Both*ソウ*1*はし－る*1
赴,Both*フ*1*おもむ－く*1
起,Both*キ*1*お－きる、お－こる、お－こす*3
超,Both*チョウ*1*こ－える、こ－す*2
越,Both*エツ*1*こ－す、こ－える*2
趣,Both*シュ*1*おもむき*1
足,Both*ソク*1*あし、た－りる、た－る、た－す*4
跡,Both*セキ*1*あと*1
路,Both*ロ*1*じ*1
跳,Both*チョウ*1*は－ねる、と－ぶ*2
踊,Both*ヨウ*1*おど－る、おど－り*2
踏,Both*トウ*1*ふ－む、ふ－まえる*2
躍,Both*ヤク*1*おど－る*1
身,Both*シン*1*み*1
車,Both*シャ*1*くるま*1
軒,Both*ケン*1*のき*1
軟,Both*ナン*1*やわ－らか、やわ－らかい*2
転,Both*テン*1*ころ－がる、ころ－げる、ころ－がす、ころ－ぶ*4
軽,Both*ケイ*1*かる－い、かろ－やか*2
載,Both*サイ*1*の－せる、の－る*2
輝,Both*キ*1*かがや－く*1
輪,Both*リン*1*わ*1
辛,Both*シン*1*から－い*1
辞,Both*ジ*1*や－める*1
辱,Both*ジョク*1*はずかし－める*1
辺,Both*ヘン*1*あた－り、べ*2
迎,Both*ゲイ*1*むか－える*1
近,Both*キン*1*ちか－い*1
返,Both*ヘン*1*かえ－す、かえ－る*2
迫,Both*ハク*1*せま－る*1
述,Both*ジュツ*1*の－べる*1
迷,Both*メイ*1*まよ－う*1
追,Both*ツイ*1*お－う*1
退,Both*タイ*1*しりぞ－く、しりぞ－ける*2
送,Both*ソウ*1*おく－る*1
逃,Both*トウ*1*に－げる、に－がす、のが－す、のが－れる*4
逆,Both*ギャク*1*さか、さか－らう*2
透,Both*トウ*1*す－く、す－かす、す－ける*3
通,Both*ツウ、ツ*2*とお－る、とお－す、かよ－う*3
逝,Both*セイ*1*ゆ－く、い－く*2
速,Both*ソク*1*はや－い、はや－める、はや－まる、すみ－やか*4
造,Both*ゾウ*1*つく－る*1
連,Both*レン*1*つら－なる、つら－ねる、つ－れる*3
進,Both*シン*1*すす－む、すす－める*2
遂,Both*スイ*1*と－げる*1
遅,Both*チ*1*おく－れる、おく－らす、おそ－い*3
遊,Both*ユウ、ユ*2*あそ－ぶ*1
運,Both*ウン*1*はこ－ぶ*1
過,Both*カ*1*す－ぎる、す－ごす、あやま－つ、あやま－ち*4
道,Both*ドウ、トウ*2*みち*1
違,Both*イ*1*ちが－う、ちが－える*2
遠,Both*エン、オン*2*とお－い*1
遣,Both*ケン*1*つか－う、つか－わす*2
遭,Both*ソウ*1*あ－う*1
遮,Both*シャ*1*さえぎ－る*1
選,Both*セン*1*えら－ぶ*1
避,Both*ヒ*1*さ－ける*1
都,Both*ト、ツ*2*みやこ*1
酌,Both*シャク*1*く－む*1
配,Both*ハイ*1*くば－る*1
酒,Both*シュ*1*さけ、さか*2
酔,Both*スイ*1*よ－う*1
酢,Both*サク*1*す*1
酸,Both*サン*1*す－い*1
醜,Both*シュウ*1*みにく－い*1
醸,Both*ジョウ*1*かも－す*1
里,Both*リ*1*さと*1
重,Both*ジュウ、チョウ*2*え、おも－い、かさ－ねる、かさ－なる*4
野,Both*ヤ*1*の*1
量,Both*リョウ*1*はか－る*1
金,Both*キン、コン*2*かね、かな*2
針,Both*シン*1*はり*1
釣,Both*チョウ*1*つ－る*1
鈍,Both*ドン*1*にぶ－い、にぶ－る*2
鈴,Both*レイ、リン*2*すず*1
鉛,Both*エン*1*なまり*1
銭,Both*セン*1*ぜに*1
鋭,Both*エイ*1*するど－い*1
鋳,Both*チュウ*1*い－る*1
鋼,Both*コウ*1*はがね*1
錦,Both*キン*1*にしき*1
鍛,Both*タン*1*きた－える*1
鎖,Both*サ*1*くさり*1
鎮,Both*チン*1*しず－める、しず－まる*2
鏡,Both*キョウ*1*かがみ*1
鐘,Both*ショウ*1*かね*1
鑑,Both*カン*1*かんが－みる*1
長,Both*チョウ*1*なが－い*1
門,Both*モン*1*かど*1
閉,Both*ヘイ*1*と－じる、と－ざす、し－める、し－まる*4
開,Both*カイ*1*ひら－く、ひら－ける、あ－く、あ－ける*4
間,Both*カン、ケン*2*あいだ、ま*2
関,Both*カン*1*せき、かか－わる*2
闘,Both*トウ*1*たたか－う*1
防,Both*ボウ*1*ふせ－ぐ*1
阻,Both*ソ*1*はば－む*1
降,Both*コウ*1*お－りる、お－ろす、ふ－る*3
限,Both*ゲン*1*かぎ－る*1
除,Both*ジョ、ジ*2*のぞ－く*1
陥,Both*カン*1*おちい－る、おとしい－れる*2
陰,Both*イン*1*かげ、かげ－る*2
陵,Both*リョウ*1*みささぎ*1
険,Both*ケン*1*けわ－しい*1
隅,Both*グウ*1*すみ*1
隔,Both*カク*1*へだ－てる、へだ－たる*2
際,Both*サイ*1*きわ*1
障,Both*ショウ*1*さわ－る*1
隠,Both*イン*1*かく－す、かく－れる*2
隣,Both*リン*1*とな－る、となり*2
雄,Both*ユウ*1*お、おす*2
集,Both*シュウ*1*あつ－まる、あつ－める、つど－う*3
雇,Both*コ*1*やと－う*1
雌,Both*シ*1*め、めす*2
離,Both*リ*1*はな－れる、はな－す*2
難,Both*ナン*1*かた－い、むずか－しい*2
雨,Both*ウ*1*あめ、あま*2
雪,Both*セツ*1*ゆき*1
雲,Both*ウン*1*くも*1
雷,Both*ライ*1*かみなり*1
震,Both*シン*1*ふる－う、ふる－える*2
霊,Both*レイ、リョウ*2*たま*1
霜,Both*ソウ*1*しも*1
霧,Both*ム*1*きり*1
露,Both*ロ、ロウ*2*つゆ*1
青,Both*セイ、ショウ*2*あお、あお－い*2
静,Both*セイ、ジョウ*2*しず、しず－か、しず－まる、しず－める*4
面,Both*メン*1*おも、おもて、つら*3
革,Both*カク*1*かわ*1
靴,Both*カ*1*くつ*1
音,Both*オン、イン*2*おと、ね*2
響,Both*キョウ*1*ひび－く*1
頂,Both*チョウ*1*いただ－く、いただき*2
預,Both*ヨ*1*あず－ける、あず－かる*2
頭,Both*トウ、ズ、と、と*4*あたま、かしら*2
頼,Both*ライ*1*たの－む、たの－もしい、たよ－る*3
額,Both*ガク*1*ひたい*1
顔,Both*ガン*1*かお*1
願,Both*ガン*1*ねが－う*1
類,Both*ルイ*1*たぐ－い*1
顧,Both*コ*1*かえり－みる*1
風,Both*フウ、フ*2*かぜ、かざ*2
飛,Both*ヒ*1*と－ぶ、と－ばす*2
食,Both*ショク、ジキ*2*く－う、く－らう、た－べる*3
飢,Both*キ*1*う－える*1
飯,Both*ハン*1*めし*1
飲,Both*イン*1*の－む*1
飼,Both*シ*1*か－う*1
飽,Both*ホウ*1*あ－きる、あ－かす*2
飾,Both*ショク*1*かざ－る*1
養,Both*ヨウ*1*やしな－う*1
館,Both*カン*1*やかた*1
首,Both*シュ*1*くび*1
香,Both*コウ、キョウ*2*か、かお－り、かお－る*3
馬,Both*バ*1*うま、ま*2
駆,Both*ク*1*か－ける、か－る*2
騒,Both*ソウ*1*さわ－ぐ*1
驚,Both*キョウ*1*おどろ－く、おどろ－かす*2
骨,Both*コツ*1*ほね*1
高,Both*コウ*1*たか－い、たか、たか－まる、たか－める*4
髪,Both*ハツ*1*かみ*1
鬼,Both*キ*1*おに*1
魂,Both*コン*1*たましい*1
魚,Both*ギョ*1*うお、さかな*2
鮮,Both*セン*1*あざ－やか*1
鯨,Both*ゲイ*1*くじら*1
鳥,Both*チョウ*1*とり*1
鳴,Both*メイ*1*な－く、な－る、な－らす*3
鶏,Both*ケイ*1*にわとり*1
麗,Both*レイ*1*うるわ－しい*1
麦,Both*バク*1*むぎ*1
麻,Both*マ*1*あさ*1
黄,Both*コウ、オウ*2*き、こ*2
黒,Both*コク*1*くろ、くろ－い*2
黙,Both*モク*1*だま－る*1
鼓,Both*コ*1*つづみ*1
鼻,Both*ビ*1*はな*1
