丸い,iadj*Round*まるい
互い,iadj*Each other*たがい
亡い,iadj*Not present; doesn’t exist*ない
低い,iadj*Low*ひくい
偉い,iadj*Great; remarkable*えらい
円い,iadj*Round*まるい
勢い,noun*Momentum; force*いきおい
厚い,iadj*Hot; thick*あつい
古い,iadj*Old*ふるい
問い,noun*Steep*とい
固い,iadj*Hard; stiff*かたい
堅い,iadj*Hard; stiff*かたい
多い,iadj*Many; numerous*おおい
太い,iadj*Thick*ふとい
安い,iadj*Cheap; inexpensive*やすい
寒い,iadj*Cold*さむい
尊い,iadj*Important; valuable*とうとい
幸い,naadj*Fortunate; happy*さいわい
幼い,iadj*Young*おさない
広い,iadj*Wide; spacious*ひろい
弱い,iadj*Weak*よわい
強い,iadj*Strong*つよい
快い,iadj*Pleasant; agreeable*こころよい
怖い,iadj*Scary*こわい
悪い,iadj*Bad*わるい
愁い,noun*Regret*うれい
憂い,noun*Regret*うれい
憎い,iadj*Difficult; hateful*にくい
憩い,iadj*Recreation; relaxation*いこい
拙い,iadj*Clumsy; unskillful*つたない
早い,iadj*Fast; early*はやい
暑い,iadj*Hot; thick*あつい
暗い,iadj*Dark*くらい
永い,iadj*Long*ながい
汚い,iadj*Dirty*きたない
浅い,iadj*Shallow*あさい
淡い,iadj*Light; pale*あわい
深い,iadj*Deep*ふかい
清い,iadj*Clean; pure*きよい
渋い,iadj*Astringent; subtle*しぶい
潔い,iadj*Frank; honest*いさぎよい
濃い,iadj*Deep; strong*こい
災い,noun*Calamity; misfortune*わざわい
無い,iadj*Not present; doesn’t exist*ない
煙い,iadj*Smoky; hazy*けむい
熱い,iadj*Hot; thick*あつい
狭い,iadj*Narrow; tight*せまい
甘い,iadj*Sweet*あまい
疎い,iadj*Unfamiliar; ignorant*うとい
痛い,iadj*Painful*いたい
白い,iadj*White*しろい
眠い,iadj*Sleepy*ねむい
短い,iadj*Short*みじかい
硬い,iadj*Hard; stiff*かたい
粗い,iadj*Rough*あらい
細い,iadj*Thin; narrow*ほそい
緩い,iadj*Loose; lenient*ゆるい
臭い,iadj*Stinky*くさい
良い,iadj*Good*よい
若い,iadj*Young*わかい
苦い,iadj*Bitter*にがい
荒い,iadj*Rough*あらい
薄い,iadj*Thin; weak*うすい
貴い,iadj*Important; valuable*とうとい
賢い,iadj*Wise; clever*かしこい
赤い,iadj*Red*あかい
軽い,iadj*Light*かるい
辛い,iadj*Spicy; salty*からい
近い,iadj*Near; close*ちかい
速い,iadj*Fast; quick*はやい
遅い,iadj*Late; slow*おそい
遠い,iadj*Far*とおい
酸い,iadj*Cool; refreshing*すい
醜い,iadj*Ugly*みにくい
重い,iadj*Heavy*おもい
鈍い,iadj*Dull; blunt*にぶい
鋭い,iadj*Sharp*するどい
長い,iadj*Long*ながい
難い,iadj*Hard; stiff*かたい
青い,iadj*Blue*あおい
類い,noun*Kind; sort*たぐい
高い,iadj*High; tall*たかい
黒い,iadj*Black*くろい
追いつく,intransative*To catch up with*おいつく
大いに,adverb*Greatly; much*おおいに
報いる,transative*To repay; to reward*むくいる
強いる,transative*To advise; to admonish*しいる
悔いる,transative*To eat; to bite*くいる
率いる,transative*To lead; to command*ひきいる
用いる,transative*To use; to employ*もちいる
老いる,intransative*To be experienced; to occur*おいる
乞う,transative*Thus; in this way*こう
争う,intransative*To argue; to dispute*あらそう
交う,special*To buy; to raise （pets）*まじわう
会う,intransative*To meet; to match*あう
伝う,intransative*To convey; to follow*つたう
伴う,both*To accompany; to be accompanied by*ともなう
伺う,transative*To ask; to inquire*うかがう
使う,transative*To use*つかう
倣う,intransative*To learn*ならう
償う,transative*To apologize; to make amends*つぐなう
匂う,intransative*To smell; to stink*におう
占う,transative*To forecast; to predict*うらなう
合う,intransative*To fit; to suit*あう
吸う,transative*To inhale*すう
呪う,transative*To curse*のろう
商う,transative*To give up; to abandon*あきなう
問う,transative*To fight; to struggle*とう
囲う,transative*To write; to describe*かこう
培う,transative*To investigate; to search*つちかう
失う,transative*To lose; to miss*うしなう
奪う,transative*To steal; to snatch*うばう
奮う,both*To shake; to swing*ふるう
嫌う,transative*To hate; to detest*きらう
弔う,transative*To pray; to wish for*とむらう
従う,intransative*To obey; to follow*したがう
思う,transative*To think; to feel*おもう
恋う,transative*This way; thus*こう
患う,both*To be troubled; to be worried*わずらう
惑う,intransative*To be bewildered; to be confused*まどう
慕う,transative*To serve; to work for*したう
憩う,intransative*To go; to proceed*いこう
戦う,intransative*To fight; to battle*たたかう
払う,transative*To pay; to compensate*はらう
扱う,transative*To handle; to deal with*あつかう
担う,transative*To imitate; to copy*になう
拭う,transative*To take off; to remove （clothing）*ふくう
拾う,transative*To pick up; to gather*ひろう
救う,transative*To scoop up; to collect*すくう
敬う,transative*To admire; to respect*うやまう
整う,intransative*To get ready; to be prepared*ととのう
構う,intransative*To mind; to care about*かまう
歌う,both*To sing*うたう
沿う,intransative*So; like that*そう
洗う,transative*To wash*あらう
添う,intransative*So; like that*そう
漂う,intransative*To drift; to float*ただよう
潤う,intransative*To be moist; to be humid*うるおう
煩う,both*To feel dizzy; to become confused*わずらう
狂う,intransative*To aim at; to target*くるう
狙う,transative*To doubt; to distrust*ねらう
疑う,transative*To celebrate; to congratulate*うたがう
祝う,transative*To compete; to vie*いわう
競う,intransative*To laugh; to smile*きそう
笑う,intransative*To say; to express*わらう
結う,transative*To sew; to stitch*むすう
縫う,transative*To create; to make*ぬう
繕う,transative*To learn*つくろう
習う,transative*To smell; to stink*ならう
臭う,transative*To dance*におう
舞う,intransative*To perform; to conduct*まう
行う,transative*To pretend; to feign*おこなう
装う,transative*To protect; to guard*よそおう
補う,transative*To attack; to assail*おぎなう
襲う,transative*To cover; to wrap*おそう
覆う,transative*To say; to speak*おおう
言う,transative*To swear; to vow*いう
誓う,transative*To invite; to tempt*ちかう
誘う,transative*This way; thus*さそう
調う,intransative*To chase; to pursue*しらう
請う,transative*To raise; to rear*こう
負う,transative*To provide for; to support*おう
買う,transative*To hesitate; to be uncertain*かう
賄う,transative*To visit; to frequent*まかなう
迷う,intransative*To differ; to be wrong*まよう
通う,intransative*To use*かよう
違う,intransative*To meet*ちがう
遣う,transative*Like; similar to*つかう
遭う,intransative*To fight; to struggle*あう
酔う,intransative*To gather; to assemble*よう
闘う,intransative*To hire; to employ*たたかう
集う,intransative*To shake; to swing*つどう
雇う,transative*To wish; to hope for*やとう
震う,transative*To eat*ふるう
願う,transative*To buy*ねがう
食う,transative*To devote oneself to; to serve*くう
飼う,transative*Dangerous; risky*かう
養う,transative*Prosperity; flourishing*やしなう
危うい,iadj*Answer; response*あやうい
栄え,noun*To give; to provide*さかえ
答え,noun*To mix; to mingle*こたえ
与える,transative*To be useful; to be of use*あたえる
交える,transative*To change; to transform*まじえる
仕える,intransative*To convey; to transmit*つかえる
代える,transative*To compare; to liken*かえる
伝える,transative*To prepare; to equip*つたえる
例える,transative*To grow cold; to chill*たとえる
供える,transative*To freeze; to be chilled*そなえる
備える,transative*To put in one’s mouth; to hold in the mouth*そなえる
冷える,intransative*To name; to call*ひえる
凍える,intransative*To endure; to bear*こごえる
加える,transative*To increase; to grow*くわえる
唱える,transative*To follow; to accompany*となえる
堪える,both*To answer; to respond*こたえる
増える,intransative*To rejoice; to be glad*ふえる
変える,transative*To rejoice; to be glad*かえる
従える,transative*To restrain; to control*したがえる
応える,intransative*To hold; to carry*こたえる
愁える,transative*To capture; to seize*うれえる
憂える,transative*To plant; to establish*うれえる
抑える,transative*To refrain; to hold back*おさえる
抱える,transative*To change; to return*かかえる
捉える,transative*To support; to bear*とらえる
据える,transative*To support; to assist*すえる
控える,both*To refrain*ひかえる
換える,transative*To change*かえる
携える,transative*To support （physically）*たずさえる
支える,transative*To support （mentally/emotionally）*ささえる
教える,transative*To teach*おしえる
数える,transative*To count*かぞえる
整える,transative*To arrange/organize*ととのえる
映える,intransative*To grow （plants/hair）*はえる
替える,transative*To govern/reign*かえる
栄える,intransative*To support/prop up*さかえる
植える,transative*To plant/raise （crops）*うえる
構える,both*To prepare/position*かまえる
殖える,intransative*To increase/grow*ふえる
消える,intransative*To disappear/extinguish*きえる
添える,transative*To accompany/adorn*そえる
煮える,intransative*To boil （liquid）*にえる
燃える,intransative*To burn*もえる
甘える,intransative*To act spoiled/depend on someone*あまえる
生える,intransative*To grow （e。g。、 hair、 plants）*はえる
癒える,intransative*To heal/recover*いえる
答える,Intansative*To answer/respond*こたえる
終える,transative*To finish/end*おえる
絶える,intransative*To cease/disappear*たえる
考える,transative*To think/consider*かんがえる
耐える,both*To endure/bear*たえる
肥える,intransative*To grow fat/thrive*こえる
萎える,intransative*To wilt/wither*しぼえる
蓄える,transative*To store/accumulate*たくわえる
衰える,intransative*To decline/weaken*おとろえる
見える,intransative*To be visible/appear*みえる
覚える,transative*To memorize/remember*おぼえる
訴える,transative*To sue/appeal*うったえる
調える,transative*To adjust/tune*ととのえる
費える,intransative*To be exhausted/spent*ついえる
超える,Trasative*To exceed/surpass*こえる
越える,transative*To cross/pass*こえる
迎える,transative*To welcome/receive*むかえる
違える,transative*To differ/mistake*ちがえる
鍛える,transative*To train/exercise*きたえる
震える,intransative*To tremble/shiver*ふるえる
飢える,intransative*To hunger/starve*うえる
狂おしい,iadj*Mad/crazy*くるおしい
僅か,naadj*A little/few*わずか
厳か,naadj*Solemn/dignified*おごそか
定か,naadj*Certain/sure*さだか
愚か,naadj*Foolish/stupid*おろか
暖か,naadj*Warm （formal）*あたたか
温か,naadj*Warm （friendly）*あたたか
確か,naadj*Certain/sure*たしか
細か,naadj*Fine/detailed*こまか
豊か,naadj*Abundant/rich*ゆたか
静か,naadj*Quiet/calm*しずか
暖かい,iadj*Warm （formal）*あたたかい
温かい,iadj*Warm （friendly）*あたたかい
細かい,iadj*Fine/detailed*こまかい
向かう,intransative*To face/head toward*むかう
懐かしい,iadj*Nostalgic*なつかしい
懐かしむ,transative*To long for/miss （something）*なつかしむ
乾かす,transative*To dry （transitive）*かわかす
動かす,transative*To move （something）*うごかす
化かす,transative*To trick/deceive*ばかす
寝かす,transative*To put to sleep*ねかす
尽かす,transative*To exhaust/deplete*つかす
抜かす,transative*To omit/leave out*ぬかす
明かす,transative*To reveal/explain*あかす
更かす,transative*To set aflame*ふかす
沸かす,transative*To boil （transitive）*わかす
溶かす,transative*To melt/dissolve （transitive）*とかす
生かす,transative*To utilize/make the most of*いかす
脅かす,transative*To threaten/intimidate*おどかす
解かす,transative*To solve （a problem）*とかす
負かす,transative*To defeat/beat*まかす
透かす,transative*To see through （e。g。、 a fabric）*すかす
飽かす,transative*To satiate/tire of*あかす
驚かす,transative*To surprise/startle （someone）*おどろかす
分かつ,transative*To divide/separate*わかつ
浮かぶ,intransative*To float （on liquid）*うかぶ
浮かべる,transative*To float （something）*うかべる
確かめる,transative*To confirm/check*たしかめる
明かり,noun*Light/lamp*あかり
分かる,intransative*To understand*わかる
助かる,intransative*To be saved/helped*たすかる
受かる,intransative*To pass （an exam）*うかる
懸かる,intransative*To depend on/hang （e。g。、 a future）*かかる
抜かる,intransative*To be omitted/left out*ぬかる
授かる,transative*To be given/receive （e。g。、 a blessing）*さずかる
掛かる,transative*To hang （e。g。、 clothes）*かかる
架かる,intransative*To be suspended/hung*かかる
漬かる,intransative*To be soaked/immersed*つかる
預かる,transative*To take care of/keep （something for someone）*あずかる
分かれる,intransative*To separate/divide*わかれる
浮かれる,intransative*To be elated/excited*うかれる
嘆かわしい,iadj*Pitiful/sorrowful*なげかわしい
焦がす,transative*To burn/scorch （transitive）*こがす
転がす,transative*To roll （something）*ころがす
逃がす,transative*To release/let go*にがす
上がる,intransative*To rise/go up*あがる
下がる,intransative*To fall/go down*さがる
塞がる,intransative*To be blocked/sealed*ふさがる
広がる,intransative*To spread/expand*ひろがる
挙がる,intransative*To be raised/lifted*あがる
揚がる,intransative*To be fried/raised （e。g。、 doughnuts）*あがる
曲がる,intransative*To bend/curve*まがる
転がる,intransative*To roll （intransitive）*ころがる
剝がれる,noun*To peel （off）*はげる
焦がれる,transative*To long/yearn for*こがれる
大きい,iadj*Big/large*おおきい
尽きる,intransative*To be exhausted/run out*つきる
生きる,intransative*To live/exist*いきる
起きる,intransative*To wake up/get up*おきる
飽きる,intransative*To get tired of/bored with*あきる
過ぎる,intransative*To pass/go by*すぎる
乾く,intransative*To dry （intransitive）*かわく
付く,intransative*To be attached/stick to*つく
傾く,intransative*To lean/incline*かたむく
働く,intransative*To work/function*はたらく
全く,Adverb*Completely/totally*まったく
利く,intransative*To be effective/work*きく
割く,transative*To divide/spend （time/money）*わく
効く,intransative*To be effective/work （medicine、 etc。）*きく
動く,intransative*To move （oneself）*うごく
吐く,both*To vomit/spit out*はく
向く,both*To face/head toward*むく
吹く,both*To blow （wind）*ふく
咲く,intransative*To bloom/blossom*さく
嘆く,both*To lament/mourn*なげく
噴く,both*To spout/gush （water、 etc。）*ふく
好く,Adverb*To like/prefer*すく
導く,transative*To guide/lead*みちびく
就く,intransative*To take up/assume （a position）*つく
届く,intransative*To reach/arrive at*とどく
履く,transative*To wear （footwear）*はく
巻く,transative*To wind/roll （something）*まく
引く,transative*To pull/draw*ひく
弾く,transative*To play （a musical instrument）*ひく
懐く,intransative*To embrace/cherish*なつく
抜く,transative*To pull out/remove*ぬく
抱く,transative*To hug/embrace*だく
招く,transative*To invite/welcome*まねく
拭く,transative**ふく
掃く,transative*to sweep*はく
描く,transative*to draw*えがく
敷く,transative*to spread （e。g。、 a blanket）、 to lay down*しく
明く,intransative*to open （e。g。、 a door）*あく
暴く,transative*to expose、 to disclose*あばく
書く,transative*to write*かく
欠く,transative*to lack、 to be missing*かく
欺く,transative*to deceive、 to cheat*あざむく
歩く,intransative*to walk*あるく
沸く,intransative*to boil、 to seethe*わく
泣く,intransative*to cry*なく
浮く,intransative*to float*うく
渇く,intransative*to be thirsty*かわく
湧く,intransative*to well up、 to gush forth*わく
溶く,transative*to dissolve*とく
炊く,both*to cook （e。g。、 rice）*たく
焼く,transative*to bake、 to roast*やく
省く,transative*to omit、 to skip*はぶく
着く,intransative*to arrive*つく
瞬く,intransative*to twinkle、 to blink*またたく
砕く,transative*to crush、 to smash*くだく
磨く,transative*to polish、 to brush*みがく
空く,intransative*to become empty、 to be vacant*あく
突く,transative*to stab、 to poke*つく
築く,transative*to build、 to construct*きずく
続く,intransative*to continue*つづく
置く,transative*to put、 to place*おく
聞く,transative*to listen、 to ask*きく
聴く,transative*to listen （more formal than 聞く）*きく
背く,intransative*to disobey、 to go against*そむく
行く,intransative*to go*いく
裁く,transative*to judge、 to decide*さばく
裂く,transative*to tear、 to split*さく
解く,transative*to solve、 to untie*とく
説く,ku*to explain、 to preach*とく
貫く,transative*to penetrate、 to pierce*つらぬく
赴く,intransative*to proceed、 to go （towards something）*おもむく
輝く,intransative*to shine、 to sparkle*かがやく
退く,intransative*to retreat、 to withdraw*しりぞく
透く,intransative*to be transparent、 to be permeable*すく
逝く,intransative*to pass away、 to die*ゆく
開く,intransative*to open*ひらく
除く,transative*to remove、 to exclude*のぞく
響く,intransative*to resound、 to echo*ひびく
頂く,transative*to receive、 to accept （humble form）*いただく
驚く,intransative*to be surprised、 to be amazed*おどろく
鳴く,intransative*to chirp、 to sing （birds）、 to meow （cats）、 etc。*なく
尽くす,both*to do one’s best、 to exhaust all efforts*つくす
明くる,prenoun*to come next、 to follow*あくる
仰ぐ,intransative*to look up to、 to admire*あおぐ
嗅ぐ,transative*to smell、 to sniff*かぐ
塞ぐ,transative*to close up、 to block*ふさぐ
嫁ぐ,intransative*to get married*とつぐ
急ぐ,both*to hurry、 to rush*いそぐ
担ぐ,transative*to carry on one’s shoulder、 to bear*かつぐ
接ぐ,transative*to join、 to connect*つぐ
次ぐ,intransative*to follow、 to come next*つぐ
注ぐ,both*to pour、 to fill （a cup、 etc。）*そそぐ
泳ぐ,intransative*to swim*およぐ
研ぐ,transative*to sharpen、 to grind*とぐ
稼ぐ,both*to earn、 to make money*かせぐ
紡ぐ,transative*to spin （e。g。、 thread）、 to weave （e。g。、 a story）*つむぐ
継ぐ,transative*to inherit、 to succeed*つぐ
脱ぐ,transative*to take off （clothes、 etc。）*ぬぐ
貢ぐ,both*to contribute、 to donate*みつぐ
防ぐ,transative*to prevent、 to protect against*ふせぐ
騒ぐ,intransative*to make noise、 to be noisy*さわぐ
情け,noun*compassion、 sympathy*なさけ
付ける,transative*to attach、 to add*つける
傾ける,transative*to incline、 to tilt*かたむける
分ける,transative*to divide、 to share*わける
助ける,transative*to help、 to assist*たすける
化ける,intransative*to transform、 to disguise oneself*ばける
受ける,transative*to receive、 to accept*うける
向ける,transative*to turn toward、 to direct*むける
就ける,transative*to take up （a position）、 to start （a job）*つける
届ける,transative*to deliver、 to send*とどける
引ける,intransative*to pull back、 to retreat*ひける
怠ける,transative*to be lazy、 to slack off*なまける
懐ける,transative*to hold close、 to cuddle*なつける
懸ける,transative*to hang、 to suspend*かける
抜ける,intransative*to come out、 to escape*ぬける
授ける,transative*to give、 to bestow*さずける
掛ける,transative*to hang、 to put on*かける
明ける,transative*to dawn、 to become light*あける
更ける,intransative*to grow late、 to become late*ふける
架ける,transative*to build、 to construct （e。g。、 a bridge）*かける
欠ける,intransative*to be lacking、 to be incomplete*かける
溶ける,intransative*to melt、 to dissolve*とける
漬ける,transative*to soak、 to pickle*つける
焼ける,intransative*to burn、 to be roasted*やける
生ける,transative*to arrange （flowers）*いける
着ける,transative*to put on （clothes）、 to wear*つける
砕ける,intransative*to break、 to be crushed*くだける
空ける,transative*to empty、 to make space*あける
続ける,transative*to continue、 to keep up*つづける
老ける,intransative*to age、 to grow old*ふける
背ける,transative*to turn one’s back on、 to reject*そむける
裂ける,intransative*to tear、 to rip*さける
解ける,intransative*to come untied、 to be solved*ほどける
設ける,transative*to establish、 to provide*もうける
請ける,transative*to undertake、 to accept an order*うける
負ける,intransative*to lose、 to be defeated*まける
賭ける,transative*to gamble、 to bet*かける
退ける,transative*to repel、 to withdraw*しりぞける
透ける,intransative*to be transparent、 to be seen through*すける
避ける,transative*to avoid、 to evade*さける
開ける,transative*to open*あける
預ける,transative*to entrust、 to deposit*あずける
駆ける,intransative*to run、 to dash*かける
上げる,transative*to raise、 to lift*あげる
下げる,transative*to lower、 to hang down*さげる
剝げる,transative*to peel off、 to be stripped off*はげる
告げる,transative*to inform、 to announce*つげる
妨げる,transative*to hinder、 to obstruct*さまたげる
広げる,transative*to spread out、 to expand*ひろげる
投げる,transative*to throw、 to cast*なげる
挙げる,transative*to raise、 to cite*あげる
掲げる,transative*to hoist、 to raise*かかげる
提げる,transative*to carry、 to hold up*さげる
揚げる,transative*to fry、 to lift up*あげる
曲げる,transative*to bend、 to curve*まげる
焦げる,intransative*to burn、 to char*こげる
脱げる,intransative*to come off、 to slip off*ぬける
虐げる,transative*to oppress、 to mistreat*しいたげる
転げる,intransative*to roll、 to tumble*ころげる
逃げる,intransative*to escape、 to flee*にげる
遂げる,transative*to accomplish、 to achieve*とげる
向こう,noun*over there、 the other side*むこう
聞こえる,intransative*to be audible、 to hear*きこえる
起こす,transative*to wake someone up、 to cause*おこす
起こる,intransative*to occur、 to happen*おこる
過ごす,intransative*to spend （time）、 to pass （time）*すごす
小さい,iadj*small、 little*ちいさい
押さえる,transative*to restrain、 to control*おさえる
揺さぶる,transative*to shake、 to jolt*ゆさぶる
下さる,intransative*to give （honorific）*くださる
刺さる,intransative*to be stuck、 to be pricked*ささる
閉ざす,transative*to close、 to shut*とざす
交ざる,intransative*to mix、 to mingle*まざる
混ざる,intransative*to be mixed、 to be blended*まざる
但し,conjunction*however、 but*ただし
兆し,noun*sign、 omen*きざし
少し,adverb*a little、 a bit*すこし
久しい,iadj*long （time）、 old （friend）*ひさしい
乏しい,iadj*poor、 scarce*とぼしい
優しい,iadj*kind、 gentle*やさしい
卑しい,iadj*humble、 base*いやしい
厳しい,iadj*strict、 severe*きびしい
妖しい,iadj*strange、 mysterious*あやしい
寂しい,iadj*lonely、 sad*さびしい
忙しい,iadj*busy、 hectic*いそがしい
怪しい,iadj*suspicious、 dubious*あやしい
恋しい,iadj*beloved、 yearned for*こいしい
恭しい,iadj*respectful、 reverent*うやうやしい
悔しい,iadj*regrettable、 vexing*くやしい
悲しい,iadj*sad、 sorrowful*かなしい
惜しい,iadj*regrettable、 precious*おしい
新しい,iadj*new、 fresh*あたらしい
易しい,iadj*easy、 simple*やさしい
楽しい,iadj*enjoyable、 fun*たのしい
欲しい,iadj*to want、 to desire*ほしい
正しい,iadj*correct、 right*ただしい
涼しい,iadj*cool、 refreshing*すずしい
激しい,iadj*intense、 violent*はげしい
珍しい,iadj*rare、 unusual*めずらしい
等しい,iadj*equal、 equivalent*ひとしい
美しい,iadj*beautiful*うつくしい
芳しい,iadj*fragrant、 aromatic*かんばしい
苦しい,iadj*painful、 difficult*くるしい
著しい,iadj*remarkable、 notable*いちじるしい
親しい,iadj*close、 intimate*したしい
詳しい,iadj*detailed、 knowledgeable*くわしい
貧しい,iadj*poor、 needy*まずしい
険しい,iadj*steep、 rugged*けわしい
難しい,iadj*difficult、 hard*むずかしい
麗しい,iadj*lovely、 beautiful*うるわしい
若しくは,conjunction*or、 otherwise*もしくは
憎しみ,transative*hatred、 resentment*にくしみ
卑しむ,transative*to despise、 to look down on*いやしむ
怪しむ,transative*to suspect、 to doubt*あやしむ
悲しむ,transative*to grieve、 to mourn*かなしむ
惜しむ,transative*to regret、 to feel sorry for*おしむ
慈しむ,transative*to love、 to cherish*いつくしむ
楽しむ,transative*to enjoy、 to have fun*たのしむ
苦しむ,intransative*to suffer、 to endure*くるしむ
親しむ,Intansative*to be intimate、 to be close*したしむ
卑しめる,transative*to humble、 to demean*いやしめる
苦しめる,transative*to afflict、 to torment*くるしめる
同じ,na adjective*same、 identical*おなじ
恥じらう,intransative*to feel shy、 to be embarrassed*はじらう
交じる,intransative*to mix、 to blend*まじる
恥じる,intransative*to feel ashamed、 to be embarrassed*はじる
混じる,intransative*to be mixed、 to be blended*まじる
閉じる,intransative*to close、 to shut*とじる
上す,transative*to publish、 to submit*あげす
下す,transative*to decide、 to judge*くだす
乱す,transative*to disturb、 to disrupt*みだす
任す,transative*to entrust、 to assign*まかす
伏す,intransative*to prostrate、 to bow down*ふす
余す,transative*to leave over、 to save*あます
侵す,transative*to violate、 to encroach*おかす
促す,transative*to urge、 to prompt*うながす
倒す,transative*to overthrow、 to defeat*たおす
催す,transative*to hold、 to give （a party、 etc。）*もよおす
兆す,intransative*to indicate、 to show signs of*きざす
冒す,transative*to risk、 to venture*おかす
写す,transative*to copy、 to photograph*うつす
出す,transative*to take out、 to send out*だす
刺す,transative*to pierce、 to stab*さす
卸す,transative*to sell wholesale、 to unload*おろす
古す,transative*to use、 to apply*ふるす
召す,transative*to call、 to summon*めす
唆す,transative*to tempt、 to incite*そそのかす
回す,transative*to turn、 to rotate*まわす
増す,both*to increase、 to add*ます
壊す,transative*to destroy、 to break*こわす
外す,transative*to remove、 to take off*はずす
宿す,intransative*to accommodate、 to house*やどす
崩す,transative*to destroy、 to demolish*くずす
差す,intransative*to insert、 to stick in*さす
帰す,transative*to send back、 to return*かえす
干す,transative*to dry、 to air out*ほす
志す,intransative*to aspire、 to aim*こころざす
成す,transative*to accomplish、 to achieve*なす
戻す,transative*to return、 to restore*もどす
押す,transative*to push、 to press*おす
指す,transative*to point、 to indicate*さす
挿す,transative*to insert、 to stick in*さす
捜す,transative*to search、 to look for*さがす
探す,transative*to search、 to look for*さがす
推す,transative*to recommend、 to advocate*おすすめる
放す,transative*to release、 to set free*はなす
施す,transative*to give、 to apply*ほどこす
映す,transative*to reflect、 to depict*うつす
来す,transative*to come、 to cause*くるす
正す,transative*to correct、 to rectify*たす
残す,transative*to leave （behind）、 to save*のこす
殺す,transative*to kill、 to murder*しす
汚す,transative*to soil、 to dirty*よごす
治す,transative*to cure、 to heal*なおす
流す,transative*to flow、 to drain*ながす
浸す,transative*to soak、 to dip*ひたす
消す,transative*to erase、 to extinguish*けす
渡す,transative*to hand over、 to pass*わたす
湿す,transative*to moisten、 to dampen*しめす
潤す,transative*to moisten、 to enrich*うるおす
潰す,transative*to crush、 to smash*つぶす
濁す,transative*to muddy、 to cloud*にごす
燃す,transative*to burn、 to light*もやす
犯す,transative*to violate、 to commit （a crime）*おかす
現す,transative*to show、 to display*あらわす
申す,transative*to say、 to tell （humble form of 言う）*もうす
直す,transative*to fix、 to repair*なおす
示す,transative*to show、 to indicate*しめす
移す,transative*to move、 to transfer*うつす
翻す,transative*to flip、 to turn over*ひるがえす
耕す,transative*to plow、 to cultivate*たがやす
脅す,transative*to threaten、 to intimidate*おどす
致す,transative*to do、 to carry out （polite form of する）*いたす
興す,transative*to start、 to initiate*おこす
著す,transative*to write、 to publish*あらわす
蒸す,transative*to steam、 to evaporate*むす
表す,transative*to express、 to represent*あらわす
覆す,transative*to overturn、 to overthrow*くつがえす
記す,transative*to write down、 to record*しるす
許す,transative*to forgive、 to permit*ゆるす
試す,transative*to try、 to test*ためす
話す,transative*to speak、 to talk*はなす
諭す,transative*to advise、 to counsel*さとす
貸す,transative*to lend、 to loan*かす
超す,transative*to exceed、 to surpass*こえる
越す,transative*to cross over、 to exceed*こす
足す,transative*to add、 to supplement*たす
返す,transative*to return、 to repay*かえす
通す,transative*to let pass、 to see through*とおす
醸す,transative*to brew、 to cause*かもす
隠す,transative*to hide、 to conceal*かくす
離す,transative*to separate、 to detach*はなす
揺すぶる,transative*to shake、 to jostle*ゆすぶる
揺する,transative*to shake、 to sway*ゆする
欲する,transative*to desire、 to crave*ほっする
必ず,adverb*certainly、 without fail*かならず
恥ずかしい,iadj*embarrassing、 shameful*はずかしい
仰せ,noun*command、 instruction （humble form）*おほせ
幸せ,noun*happiness、 bliss*しあわせ
上せる,transative*to add、 to offer （honorific form）*のぼせる
乗せる,transative*to place on、 to give a ride*のせる
任せる,transative*to entrust、 to leave to*まかせる
伏せる,transative*to lay down、 to prostrate*ふせる
併せる,transative*to join together、 to combine*あわせる
寄せる,transative*to gather、 to bring near*よせる
痩せる,transative*to become thin、 to lose weight*やせる
着せる,transative*to put clothes on someone、 to dress*きせる
見せる,transative*to show、 to display*みせる
載せる,transative*to place on、 to put on （a vehicle、 etc。）*のせる
交ぜる,transative*to mix、 to blend*まぜる
混ぜる,transative*to mix、 to blend*まぜる
新た,naadj*new、 fresh*あらた
冷たい,iadj*cold （to the touch）*つめたい
果たす,transative*to accomplish、 to fulfill*はたす
満たす,transative*to fill、 to satisfy*みたす
慌ただしい,iadj*hectic、 busy*あわただしい
当たる,intransative*to hit、 to strike*あたる
隔たる,intransative*distant、 isolated*へだたる
甚だ,adverb*very、 exceedingly*はなはだ
甚だしい,iadj*extreme、 excessive*はなはだしい
過ち,noun*mistake、 error*あやまち
直ちに,adverb*immediately、 at once*ただちに
朽ちる,intransative*to decay、 to rot*くちる
満ちる,intransative*to be filled、 to be full*みちる
落ちる,intransative*to fall、 to drop*おちる
一つ,numeric*one、 single*ひとつ
七つ,numeric*seven*ななつ
三つ,numeric*three*みっつ
且つ,conj adv*and、 moreover*かつ
九つ,numeric*nine*ここのつ
二つ,numeric*two*ふたつ
五つ,numeric*five*いつつ
保つ,both*to keep、 to maintain*たもつ
八つ,numeric*eight*やつ
六つ,numeric*six*むっつ
勝つ,intransative*to win、 to be victorious*かつ
四つ,numeric*four*よつ
建つ,intransative*to be built、 to stand*たつ
待つ,intransative*to wait、 to await*まつ
打つ,trans*to hit、 to strike*うつ
持つ,trans*to hold、 to carry*もつ
撃つ,trans*to shoot、 to attack*うつ
放つ,trans*to release、 to emit*はなつ
断つ,trans*to sever、 to cut off*たつ
立つ,intransative*to stand、 to rise*たつ
絶つ,trans*to sever、 to cut off*たつ
育つ,trans*to grow、 to be brought up*そだつ
裁つ,intransative*to cut、 to tailor*たつ
討つ,trans*to attack、 to defeat*うつ
過つ,intransative*to err、 to make a mistake*たつ
全て,adverb*everything、 all*すべて
果て,noun*end、 limit*はて
企てる,transative*to plan、 to scheme*くわだてる
充てる,transative*to assign、 to allocate*あてる
宛てる,transative*to address、 to assign*あてる
建てる,transative*to build、 to construct*たてる
当てる,transative*to hit、 to apply*あてる
慌てる,intransative*to panic、 to be flustered*あわてる
捨てる,transative*to throw away、 to abandon*すてる
果てる,intransative*to end、 to come to an end*はてる
立てる,transative*to stand （something） up、 to establish*たてる
育てる,transative*to raise、 to nurture*そだてる
隔てる,transative*to separate、 to isolate*へだてる
奏でる,both*to play （music）、 to perform*かなでる
秀でる,intransative*to excel、 to be outstanding*ひいでる
詣でる,transative*to visit （a shrine or temple）*もうでる
落とす,transative*to drop、 to let fall*おとす
危ない,iadj*dangerous、 risky*あぶない
少ない,iadj*few、 scarce*すくない
損なう,transative*to harm、 to damage*そこなう
連なる,intransative*to be in a row、 to be connected*つらなる
重なる,intransative*to pile up、 to overlap*かさなる
既に,adverb*already、 by now*すでに
死ぬ,intransative*to die、 to pass away*しぬ
兼ねる,transative*to hold two or more positions、 to be capable of*かねる
委ねる,transative*to entrust、 to hand over*ゆだねる
尋ねる,transative*to ask、 to inquire*たずねる
損ねる,transative*to harm、 to impair*そこねる
訪ねる,transative*to visit、 to call on*たずねる
跳ねる,intransative*to jump、 to leap*はねる
連ねる,transative*to line up、 to arrange in a row*つらねる
重ねる,transative*to pile up、 to layer*かさねる
半ば,adverb*halfway、 middle*なかば
伸ばす,transative*to extend、 to stretch out*のばす
延ばす,transative*to postpone、 to prolong*のばす
飛ばす,transative*to send flying、 to skip*とばす
忍ばせる,transative*to conceal、 to hide*しのばせる
再び,adverb*again、 once more*ふたたび
及び,conjunction*and、 as well as*および
浴びせる,transative*to pour、 to splash （liquid）*あびせる
並びに,conjunction*as well as、 along with*ならびに
伸びる,intransative*to stretch、 to extend*のびる
帯びる,transative*to bear、 to wear （a look or expression）*おびる
延びる,intransative*to be extended、 to be prolonged*のびる
浴びる,transative*to bathe、 to receive （sunlight、 etc。）*あびる
滅びる,intransative*to be destroyed、 to perish*ほろびる
綻びる,intransative*to come apart、 to open*ほころびる
並ぶ,intransative*to line up、 to stand in a row*ならぶ
及ぶ,intransative*to reach、 to extend to*およぶ
叫ぶ,intransative*to shout、 to cry out*さけぶ
呼ぶ,transative*to call、 to summon*よぶ
喜ぶ,both*to be delighted、 to rejoice*よろこぶ
学ぶ,transative*to learn、 to study*まなぶ
尊ぶ,transative*to respect、 to honor*とうとぶ
弄ぶ,transative*to play with、 to toy with*いじる
忍ぶ,both*to endure、 to bear*しのぶ
結ぶ,both*to tie、 to bind*むすぶ
貴ぶ,transative*to esteem、 to value*とうとぶ
貴ぶ,transative*to esteem、 to value*とうとぶ
跳ぶ,intransative*to jump、 to leap*とぶ
転ぶ,intransative*to fall down、 to tumble*ころぶ
遊ぶ,intransative*to play、 to have fun*あそぶ
運ぶ,transative*to carry、 to transport*はこぶ
選ぶ,transative*to choose、 to select*えらぶ
飛ぶ,intransative*to fly、 to jump*とぶ
危ぶむ,transative*to fear、 to have misgivings*あやぶむ
並べる,transative*to line up、 to arrange*ならべる
伸べる,transative*to extend、 to stretch out*のべる
延べる,transative*to postpone、 to prolong*のべる
比べる,transative*to compare、 to contrast*くらべる
統べる,transative*to control、 to govern*すべる
調べる,transative*to investigate、 to examine*しらべる
述べる,transative*to state、 to express*のべる
食べる,transative*to eat、 to consume*たべる
及ぼす,transative*to exert、 to apply*およぼす
滅ぼす,transative*to destroy、 to annihilate*ほろぼす
住まう,intransative*to reside、 to dwell*すまう
捕まえる,transative*to catch、 to capture*つかまえる
踏まえる,transative*to base on、 to take into account*ふまえる
羨ましい,iadj*envious、 jealous*うらやましい
冷ます,transative*to cool （something） down、 to chill*さます
励ます,transative*to encourage、 to cheer up*はげます
悩ます,transative*to torment、 to distress*なやます
済ます,transative*to finish、 to settle*すます
澄ます,transative*to clear （water）、 to clarify*すます
覚ます,transative*to awaken、 to arouse*さます
休まる,intransative*to rest、 to take a break*やすまる
低まる,Intansative*to decrease、 to diminish*ひくまる
修まる,intransative*to be corrected、 to be reformed*おさまる
務まる,intransative*to be fit for、 to be capable of*つとまる
勤まる,intransative*to be fit for、 to be capable of*つとまる
収まる,intransative*to be settled、 to be resolved*おさまる
固まる,intransative*to harden、 to solidify*かたまる
埋まる,intransative*to be buried、 to be filled up*うまる
始まる,intransative*to begin、 to start*はじまる
定まる,intransative*to be fixed、 to be determined*さだまる
広まる,intransative*to spread、 to be widespread*ひろまる
弱まる,intransative*to weaken、 to diminish*よわまる
強まる,intransative*to strengthen、 to intensify*つよまる
挟まる,intransative*to be caught between、 to be jammed*はさまる
捕まる,intransative*to be caught、 to be captured*つかまる
改まる,intransative*to be revised、 to be amended*あらたまる
早まる,intransative*to accelerate、 to speed up*はやまる
暖まる,intransative*to warm up、 to become warm*あたたまる
染まる,intransative*to be dyed、 to be stained*そまる
極まる,intransative*to reach the limit、 to be extreme*きわまる
止まる,intransative*to stop、 to come to a halt*とまる
決まる,intransative*to be decided、 to be settled*きまる
治まる,intransative*to be cured、 to be controlled*おさまる
泊まる,intransative*to stay overnight、 to lodge*とまる
深まる,intransative*to deepen、 to become deep*ふかまる
清まる,intransative*to be purified、 to be cleansed*きよまる
温まる,intransative*to warm up、 to become warm*あたたまる
狭まる,intransative*to narrow、 to become narrow*せまる
留まる,intransative*to remain、 to stay*とどまる
窮まる,intransative*to be in a fix、 to reach an impasse*きわまる
納まる,intransative*to be settled、 to be delivered*おさまる
絞まる,intransative*to be tightened、 to be squeezed*しまる
絡まる,intransative*to be entangled、 to be involved*からまる
締まる,intransative*to be tightened、 to be fastened*しまる
縮まる,intransative*to shrink、 to contract*ちぢまる
薄まる,intransative*to become thin、 to dilute*うすまる
詰まる,intransative*to be packed、 to be crowded*つまる
速まる,intransative*to speed up、 to accelerate*はやまる
鎮まる,intransative*to calm down、 to subside*しずまる
閉まる,intransative*to close、 to be closed*しまる
集まる,intransative*to gather、 to assemble*あつまる
静まる,intransative*to become quiet、 to become silent*しずまる
高まる,intransative*to rise、 to increase*たかまる
生まれる,intransative*to be born、 to come into existence*うまれる
産まれる,intransative*to be born、 to come into existence*うまれる
忌まわしい,iadj*detestable、 abominable*いまわしい
巧み,naadjective*skillful、 cleverness*たくみ
染み,noun*stain、 blemish*しみ
極み,noun*height、 utmost limit*きわみ
染みる,intransative*to soak、 to penetrate*しみる
省みる,transative*to reflect on、 to consider*かえりみる
試みる,transative*to attempt、 to try*こころみる
鑑みる,transative*to consider、 to take into account*かんがみる
顧みる,transative*to look back、 to reflect on*かえりみる
休む,transative*to rest、 to take a break*やすむ
住む,intransative*to live、 to reside*すむ
傷む,intransative*to be damaged、 to be hurt*いたむ
刻む,transative*to carve、 to engrave*きざむ
励む,intransative*to strive、 to make an effort*はげむ
勇む,intransative*to be brave、 to be spirited*いさむ
包む,transative*to wrap、 to envelop*つつむ
含む,transative*to contain、 to include*ふくむ
和む,intransative*to harmonize、 to get along*なごむ
営む,transative*to run、 to operate*いとなむ
囲む,transative*to surround、 to enclose*かこむ
好む,transative*to like、 to prefer*このむ
妬む,transative*to be jealous of、 to envy*ねたむ
富む,intransative*to be wealthy、 to be rich*とむ
弾む,both*to bounce、 to reverberate*はずむ
忌む,intransative*to avoid、 to shun*いむ
恨む,transative*to resent、 to bear a grudge*うらむ
恵む,transative*to bless、 to show mercy*めぐむ
悩む,intransative*to worry、 to be troubled*なやむ
悼む,transative*to mourn、 to lament*いたむ
慎む,transative*to be careful、 to be cautious*つつしむ
慰む,intransative*to console、 to comfort*なぐさむ
憎む,transative*to hate、 to detest*にくむ
拒む,transative*to refuse、 to reject*こばむ
拝む,transative*to worship、 to pray to*おがむ
挑む,intransative*to challenge、 to defy*いどむ
挟む,transative*to sandwich、 to insert*はさむ
摘む,transative*to pluck、 to pick*つまむ
望む,transative*to wish、 to hope for*のぞむ
歩む,intransative*to walk、 to proceed*あゆむ
沈む,intransative*to sink、 to go down*しずむ
涼む,intransative*to cool down、 to take a rest*すずむ
混む,intransative*to be crowded、 to be congested*こむ
済む,intransative*to finish、 to be over*すむ
潜む,intransative*to lurk、 to hide*ひそむ
潤む,intransative*to moisten、 to be teary*うるむ
澄む,intransative*to clear up、 to become clear*すむ
生む,transative*to give birth、 to produce*うむ
産む,transative*to give birth、 to produce*うむ
畳む,transative*to fold、 to lay out*たたむ
疎む,transative*to neglect、 to alienate*うとむ
病む,transative*to be ill、 to suffer from*やむ
痛む,intransative*to ache、 to hurt*いたむ
盗む,transative*to steal、 to pilfer*ぬすむ
積む,transative*to pile up、 to stack*つむ
笑む,Inrans*to smile、 to laugh*えむ
組む,transative*to assemble、 to join*くむ
絡む,intransative*to be entwined、 to be involved*からむ
編む,transative*to knit、 to weave*あむ
緩む,intransative*to loosen、 to slacken*ゆるむ
縮む,intransative*to shrink、 to contract*ちぢむ
羨む,transative*to envy、 to be jealous of*うらやむ
育む,transative*to nurture、 to foster*はぐくむ
臨む,intransative*to face、 to confront*のぞむ
蔑む,transative*to despise、 to scorn*さげすむ
詠む,transative*to recite、 to compose （poetry）*よむ
詰む,intransative*to pack、 to be stuffed*つめる
読む,transative*to read、 to peruse*よむ
謹む,transative*to be cautious、 to be careful*つつしむ
踏む,transative*to step on、 to tread on*ふむ
込む,intransative*to be crowded、 to be packed*こむ
進む,intransative*to advance、 to proceed*すすむ
酌む,transative*to serve （alcohol）、 to pour*くむ
阻む,transative*to obstruct、 to hinder*はばむ
頼む,transative*to ask、 to request*たのむ
飲む,transative*to drink、 to consume*のむ
初め,Adverbs*beginning、 start*はじめ
惨め,naadj*miserable、 pitiful*みじめ
斜め,naadj*diagonal、 oblique*ななめ
恨めしい,iadj*hateful、 resentful*うらめしい
初めて,Adverbs*for the first time*はじめて
丸める,transative*to round up、 to roll up*まるめる
休める,transative*to let rest、 to give a break*やすめる
低める,transative*to lower、 to reduce*ひくめる
修める,transative*to study、 to cultivate*おさめる
傷める,transative*to injure、 to hurt*いためる
冷める,intransative*to cool down、 to chill*さめる
初める,transative*to begin、 to start*そめる
努める,intransative*to strive、 to make an effort*つとめる
務める,transative*to serve、 to work as*つとめる
勤める,Inrans*to serve、 to work as*すすめる
勧める,transative*to recommend、 to advise*すすめる
占める,transative*to constitute、 to comprise*しめる
収める,transative*to store、 to keep*おさめる
含める,transative*to include、 to contain*ふくめる
固める,transative*to harden、 to solidify*かためる
埋める,transative*to bury、 to fill in*うめる
始める,transative*to begin、 to start*はじめる
定める,transative*to decide、 to determine*さだめる
広める,transative*to spread、 to widen*ひろめる
弱める,transative*to weaken、 to make weaker*よわめる
強める,transative*to strengthen、 to make stronger*つよめる
慰める,transative*to comfort、 to console*なぐさめる
戒める,transative*to admonish、 to warn*いましめる
改める,transative*to change、 to reform*あらためる
攻める,transative*to attack、 to assault*せめる
早める,transative*to hasten、 to expedite*はやめる
暖める,transative*to warm up、 to heat*あたためる
染める,transative*to dye、 to color*そめる
極める,transative*to master、 to reach the extreme of*きわめる
止める,transative*to stop、 to cease*やめる
求める,transative*to seek、 to request*もとめる
決める,transative*to decide、 to determine*きめる
沈める,transative*to sink、 to submerge*しずめる
治める,transative*to govern、 to manage*おさめる
泊める,transative*to lodge、 to put up for the night*とめる
深める,transative*to deepen、 to heighten*ふかめる
清める,transative*to purify、 to cleanse*きよめる
温める,transative*to warm up、 to heat*あたためる
狭める,transative*to narrow、 to restrict*せばめる
留める,transative*to detain、 to stop*とめる
痛める,transative*to hurt、 to cause pain*いためる
眺める,transative*to view、 to gaze at*ながめる
矯める,transative*to correct、 to rectify*ためる
秘める,transative*to hide、 to conceal*ひめる
究める,transative*to investigate thoroughly、 to master*きわめる
窮める,transative*to exhaust、 to reach the limit*きわめる
納める,transative*to deliver、 to pay*おさめる
絞める,transative*to strangle、 to tighten*しめる
絡める,transative*to entangle、 to twist around*からめる
締める,transative*to tighten、 to fasten*しめる
緩める,transative*to loosen、 to relax*ゆるめる
縮める,transative*to shorten、 to reduce*ちぢめる
薄める,transative*to dilute、 to thin out*うすめる
薦める,transative*to recommend、 to suggest*すすめる
褒める,transative*to praise、 to commend*ほめる
覚める,intransative*to wake up、 to come to one’s senses*さめる
詰める,transative*to pack、 to cram*つめる
認める,transative*to recognize、 to acknowledge*みとめる
諦める,transative*to give up、 to abandon*あきらめる
責める,transative*to blame、 to criticize*せめる
辞める,transative*to quit、 to resign*やめる
辱める,transative*to humiliate、 to shame*はずかしめる
込める,transative*to include、 to load into*こめる
速める,transative*to speed up、 to accelerate*はやめる
進める,transative*to advance、 to promote*すすめる
鎮める,transative*to calm、 to soothe*しずめる
閉める,transative*to close、 to shut*しめる
集める,transative*to gather、 to collect*あつめる
静める,transative*to quiet、 to calm*しずめる
高める,transative*to raise、 to heighten*たかめる
最も,Adverb*the most*もっとも
頼もしい,iadj*reliable、 trustworthy*たのもしい
積もる,both*to pile up、 to accumulate*つもる
籠もる,intransative*to barricade oneself、 to take refuge*こもる
埋もれる,intransative*to be buried、 to be obscured*うずもれる
冷や,noun*chilliness、 coldness*ひや
健やか,naadj*healthy、 robust*すこやか
和やか,naadj*gentle、 mild*なごやか
爽やか,naadj*fresh、 refreshing*さわやか
穏やか,naadj*calm、 peaceful*おだやか
緩やか,naadj*gentle、 slow*ゆるやか
軽やか,naadj*light、 nimble*かろやか
速やか,naadj*prompt、 quick*すみやか
鮮やか,naadj*vivid、 bright*あざやか
冷やかす,transative*to tease、 to make fun of*ひやかす
甘やかす,naadj*to spoil、 to pamper*あまやかす
肥やし,noun*manure、 fertilizer*ひやし
冷やす,transative*to cool （something） down、 to chill*ひやす
増やす,transative*to increase、 to augment*ふやす
殖やす,transative*to multiply、 to increase*ふやす
煮やす,transative*to boil （something）*にやす
燃やす,transative*to burn、 to set on fire*もやす
生やす,transative*to grow、 to cultivate*なやす
癒やす,transative*to heal、 to cure*いやす
絶やす,transative*to extinguish、 to cut off*たやす
肥やす,transative*to fertilize、 to enrich*ひやす
費やす,transative*to spend、 to expend*つひやす
悔やむ,transative*to regret、 to repent*くやむ
傍ら,Adverb*beside、 alongside*わきまわり
専ら,Adverb*solely、 entirely*ときどき
平ら,naadj*flat、 level*たいら
淫ら,naadj*obscene、 lewd*みだら
自ら,Adverb*oneself、 personally*みずから
計らう,transative*to scheme、 to plan*はからう
語らう,transative*to talk、 to converse*かたらう
逆らう,intransative*to oppose、 to resist*さからう
食らう,transative*to eat、 to receive （damage、 etc。）*くらう
捕らえる,transative*to capture、 to seize*とらえる
明らか,naadj*clear、 obvious*あきらか
朗らか,naadj*cheerful、 bright*ほがらか
柔らか,naadj*soft、 gentle*やわらか
滑らか,naadj*smooth、 slippery*なめらか
軟らか,naadj*soft、 tender*やわらか
柔らかい,iadj*soft、 gentle*やわらかい
軟らかい,iadj*soft、 tender*やわらかい
散らかす,transative*to scatter、 to mess up*ちらかす
散らかる,intransative*to be scattered、 to be in disorder*ちらかる
和らぐ,intransative*to soften、 to calm down*やわらぐ
揺らぐ,intransative*to sway、 to shake*ゆらぐ
薄らぐ,intransative*to fade、 to become dim*うすらぐ
和らげる,transative*to alleviate、 to ease*やわらげる
憎らしい,iadj*hateful、 detestable*にくらしい
懲らしめる,transative*to discipline、 to punish*こりましめる
凝らす,transative*to concentrate、 to focus*こらす
反らす,transative*to bend back、 to curve*そらす
垂らす,transative*to hang down、 to let fall*たらす
慣らす,transative*to accustom、 to habituate*ならす
懲らす,transative*to discipline、 to punish*こらす
散らす,transative*to scatter、 to disperse*ちらす
晴らす,transative*to clear up、 to refresh*はらす
暮らす,intransative*to live、 to reside*くらす
枯らす,transative*to wither、 to kill （plants）*からす
減らす,transative*to reduce、 to decrease*へらす
漏らす,transative*to leak、 to let out*もらす
照らす,transative*to shine、 to illuminate*てらす
紛らす,transative*to divert、 to distract*まぎらす
縮らす,transative*to shrink、 to contract*ちぢらす
腐らす,transative*to rot、 to spoil*くさらす
腫らす,transative*to swell、 to puff up*はらす
荒らす,transative*to ravage、 to devastate*あらす
蒸らす,transative*to steam、 to cook with steam*むらす
遅らす,transative*to delay、 to postpone*おくらす
鳴らす,transative*to make a sound、 to ring*ならす
明らむ,intransative*to become clear、 to dawn*あきらむ
膨らむ,transative*to expand、 to swell*ふくらむ
赤らむ,intransative*to become red、 to blush*あからむ
赤らめる,transative*to blush、 to make red*あからめる
汚らわしい,iadj*dirty、 filthy*けがらわしい
紛らわしい,iadj*confusing、 misleading*まぎらわしい
紛らわす,transative*to confuse、 to mislead*まぎらわす
囚われる,intransative*to be caught、 to be imprisoned*とらわれる
便り,noun*news、 information*たより
周り,noun*surroundings、 environment*まわり
守り,noun*defense、 protection*まもり
狩り,noun*hunting*かり
独り,noun*alone、 solitary*ひとり
祭り,noun*festival、 celebration*まつり
踊り,noun*dance*おどり
辺り,noun*vicinity、 neighborhood*あたり
香り,noun*fragrance、 scent*かおり
下りる,intransative*to go down、 to descend*おりる
借りる,transative*to borrow、 to rent*かりる
懲りる,intransative*to learn from、 to be cured of*くりる
降りる,intransative*to get off、 to descend*おりる
上る,intransative*to go up、 to climb*のぼる
下る,intransative*to go down、 to descend*くだる
乗る,intransative*to ride、 to board*のる
似る,intransative*to resemble、 to be similar*にる
余る,intransative*to be left over、 to remain*あまる
作る,transative*to make、 to create*つくる
侮る,transative*to scorn、 to disdain*あなどる
係る,intransative*to be related to、 to be in charge of*かかる
偏る,intransative*to be biased、 to lean toward*かたよる
偽る,both*to deceive、 to lie*いつわる
光る,intransative*to shine、 to glitter*ひかる
入る,intransative*to exist、 to be included*はいる
入る,intransative*to enter、 to go into*はいる
写る,intransative*to be photographed、 to be reflected*うつる
凍る,intransative*to freeze、 to be frozen*こおる
凝る,intransative*to be stiff、 to be absorbed*こる
出る,intransative*to come out、 to leave*でる
切る,transative*to cut、 to slice*きる
刈る,transative*to mow、 to reap*かる
刷る,transative*to print、 to stamp*する
削る,transative*to shave、 to cut off*けずる
割る,transative*to divide、 to split*わる
劣る,intransative*to be inferior、 to be worse*おとる
勝る,intransative*to excel、 to surpass*まさる
募る,both*to recruit、 to gather*つのる
去る,intransative*to leave、 to depart*さる
参る,intransative*to come、 to go （humble）*まいる
羨ましい,iadj*envious、jealous*うらやましい
反る,intransative*to warp、 to bend*そる
取る,transative*to take、 to pick up*とる
嘲る,transative*to ridicule、 to mock*あざける
回る,intransative*to go around、 to revolve*めぐる
因る,intransative*to be caused by、 to depend on*よる
図る,transative*to plan、 to attempt*はかる
在る,intransative*to be、 to exist*ある
執る,transative*to take、 to seize*とる
塗る,transative*to paint、 to coat*ぬる
売る,transative*to sell*うる
太る,intransative*to gain weight、 to grow fat*ふとる
奉る,transative*to offer、 to present*たてまつる
契る,both*to make a vow、 to pledge*ちぎる
守る,transative*to protect、 to guard*まもる
実る,intransative*to bear fruit、 to ripen*みのる
宿る,intransative*to reside、 to dwell*やどる
寄る,intransative*to come near、 to approach*よる
寝る,intransative*to sleep、 to go to bed*ねる
射る,transative*to shoot、 to fire*いる
居る,intransative*to be、 to exist*いる
巡る,intransative*to go around、 to circulate*めぐる
帰る,intransative*to return、 to go home*かえる
干る,intransative*to dry、 to be dried*ほす
座る,intransative*to sit、 to seat oneself*すわる
廃る,intransative*to abandon、 to discard*すたれる
弱る,intransative*to weaken、 to become weak*よわる
張る,both*to stretch、 to spread*はる
彩る,transative*to color、 to decorate*いろどる
彫る,transative*to carve、 to sculpt*ほる
得る,transative*to gain、 to obtain*える
怒る,both*to feel anger、 to be angry*おこる
怒る,both*to get angry、 to be angry*おこる
怠る,both*to neglect、 to be negligent*おこたる
悟る,transative*to understand、 to comprehend*さとる
憤る,intransative*to feel indignation、 to be resentful*いきどおる
成る,intransative*to become、 to be*なる
戻る,intransative*to return、 to go back*もどる
承る,transative*to receive、 to accept （humble）*うけたまわる
折る,transative*to fold、 to break*おる
振る,transative*to shake、 to wave*ふる
捕る,transative*to catch、 to seize*とる
掘る,transative*to dig、 to excavate*ほる
採る,transative*to pick、 to gather*とる
探る,transative*to search、 to probe*さぐる
握る,transative*to grasp、 to grip*にぎる
揺る,transative*to shake、 to sway*ゆる
搾る,transative*to squeeze、 to press*しぼる
撮る,transative*to take （a photo）、 to shoot*とる
操る,transative*to manipulate、 to operate*あやつる
擦る,transative*to rub、 to wipe*こする
放る,transative*to let go、 to release*ほうる
散る,intransative*to scatter、 to disperse*ちる
斬る,transative*to behead、 to cut down*きる
断る,transative*to refuse、 to reject*ことわる
昇る,intransative*to rise、 to ascend*のぼる
映る,intransative*to be reflected、 to appear （in a film）*うつる
曇る,intransative*to become cloudy、 to get overcast*くもる
有る,intransative*to have、 to exist*ある
来る,intransative*to come*くる
残る,intransative*to remain、 to be left*のこる
殴る,transative*to punch、 to strike*なぐる
治る,intransative*to recover、 to be cured*なおる
浸る,intransative*to be soaked、 to be immersed*ひたる
渋る,both*to hesitate、 to be reluctant*しぶる
減る,intransitive*to decrease、 to diminish*へる
渡る,intransative*to cross、 to traverse*わたる
湿る,intransative*to become moist、 to be damp*しめる
滑る,intransative*to slip、 to slide*すべる
滞る,intransative*to stagnate、 to be delayed*とどこおる
滴る,intransative*to drip、 to trickle*したたる
漏る,intransative*to leak、 to escape*もれる
潜る,intransative*to hide oneself、 to dive*もぐる
濁る,intransative*to become muddy、 to get cloudy*にごる
焦る,intransative*to be in a hurry、 to feel impatient*あせる
煙る,intransative*to be smoky、 to be filled with smoke*けむる
照る,intransative*to shine、 to be sunny*てる
煮る,transative*to boil、 to cook*にる
狩る,transative*to hunt、 to go hunting*かる
登る,intransative*to climb、 to ascend*のぼる
盛る,transative*to serve （food）、 to make （tea）*もる
直る,intransative*to be fixed、 to be repaired*なおる
眠る,intransative*to sleep*ねむる
着る,transative*to wear、 to put on*きる
知る,transative*to know、 to be aware of*しる
破る,transative*to tear、 to break*やぶる
祈る,transative*to pray、 to wish*いのる
祭る,transative*to celebrate、 to worship*まつる
移る,intransative*to move、 to transfer*うつる
競る,transative*to compete、 to vie*せる
粘る,intransative*to be sticky、 to be viscous*ねばる
細る,intransative*to become thin、 to become slender*ほそる
経る,intransative*to pass through、 to elapse*たつ
絞る,transative*to squeeze、 to wring*しめる
練る,transative*to knead、 to work dough*ねる
縛る,transative*to tie up、 to bind*しばる
織る,transative*to weave、 to knit*おる
繰る,transative*to spin、 to reel in*くる
罵る,transative*to scold、 to abuse verbally*ののしる
翻る,intransative*to flutter、 to wave*ひるがえる
腐る,intransative*to rot、 to decay*くさる
至る,intransative*to reach、 to attain*いたる
興る,intransative*to occur、 to happen*おこる
苦る,intransative*to suffer、 to be in pain*にがる
茂る,intransative*to grow thick、 to be overgrown*しげる
葬る,transative*to bury、 to inter*ほうむる
薫る,intransative*to smell、 to be fragrant*かおる
被る,transative*to wear （on the head）、 to put on*かぶる
要る,intransative*to need、 to require*いる
覆る,transative*to be overturned、 to be reversed*くつがえる
見る,transative*to see、 to look at*みる
触る,intransative*to touch、 to feel*さわる
計る,transative*to measure、 to weigh*はかる
診る,transative*to examine、 to diagnose*みる
誇る,transative*to boast、 to be proud of*ほこる
語る,transative*to speak、 to talk about*かたる
誤る,both*to make a mistake、 to err*あやまる
諮る,transative*to consult、 to seek advice*はかる
謀る,transative*to plot、 to conspire*はかる
謝る,both*to apologize、 to express regret*あやまる
譲る,transative*to yield、 to surrender*ゆずる
貪る,transative*to covet、 to greedily desire*むさぼる
貼る,both*to paste、 to stick*はる
賜る,transative*to grant、 to bestow*たまわる
贈る,transative*to give、 to present*おくる
走る,intransative*to run、 to race*はしる
足る,intransative*to be sufficient、 to be enough*たるい
踊る,intransative*to dance*おどる
蹴る,transative*to kick*ける
躍る,intransative*to jump、 to leap*おどる
載る,intransative*to be placed、 to be loaded*のる
返る,intransative*to be returned、 to turn back*かえる
迫る,both*to approach、 to draw near*せまる
送る,transative*to send、 to dispatch*おくる
通る,intransative*to pass、 to go through*とおる
造る,transative*to make、 to manufacture*つくる
遡る,intransative*to go upstream、 to trace back*さかのぼる
遮る,transative*to interrupt、 to obstruct*さえぎる
配る,transative*to distribute、 to assign*くばる
量る,transative*to measure、 to weigh*はかる
釣る,transative*to fish、 to catch fish*つる
鈍る,intransative*to become dull、 to become blunt*にぶる
鋳る,transative*to cast、 to mint*いる
降る,intransative*to fall （rain、 snow）、 to descend*ふる
限る,both*to limit、 to restrict*かぎる
陥る,both*to fall into、 to cave in*おちいる
陰る,intransative*to be clouded、 to become dim*かげる
障る,intransative*to hinder、 to obstruct*さわる
隣る,intransative*to be next to、 to border*となり
頼る,both*to rely on、 to depend on*たよる
飾る,transative*to decorate、 to adorn*かざる
香る,intransative*to smell、 to be fragrant*かおる
駆る,transative*to drive、 to urge on*かる
鳴る,intransative*to ring、 to sound*なる
黙る,intransative*to be silent、 to keep quiet*だまる
明るい,iadj*bright、 cheerful*あかるい
振るう,transative*to wield、 to swing*ふるう
揺るぐ,intransative*to waver、 to shake*ゆるぐ
明るむ,intransative*to brighten、 to clear up*あかるむ
哀れ,naadj*pitiful、 pathetic*あわれ
群れ,noun*group、 flock*むれ
誉れ,noun*praise、 honor*ほまれ
哀れむ,transative*to pity、 to sympathize with*あわれむ
乱れる,intransative*to be in disorder、 to be disturbed*みだれる
倒れる,intransative*to fall down、 to collapse*たおれる
優れる,intransative*to excel、 to surpass*すぐれる
免れる,Ichidan*to escape、 to be exempted*まぬがれる
入れる,transative*to put in、 to insert*いれる
切れる,intransative*to be cut、 to snap*きれる
別れる,intransative*to separate、 to part*わかれる
割れる,intransative*to break、 to crack*われる
垂れる,both*to hang down、 to droop*たれる
壊れる,intransative*to be broken、 to break down*こわれる
売れる,intransative*to be sold、 to sell*うれる
外れる,intransative*to come off、 to be disconnected*はずれる
寂れる,intransative*to become desolate、 to be neglected*さびれる
崩れる,intransative*to collapse、 to crumble*くずれる
廃れる,intransative*to decline、 to be discontinued*すたれる
忘れる,transative*to forget、 to overlook*わすれる
恐れる,transative*to fear、 to be afraid of*おそれる
慣れる,intransative*to get used to、 to become accustomed to*なれる
憧れる,intransative*to long for、 to yearn for*あこがれる
戯れる,intransative*to play、 to frolic*たわむれる
折れる,intransative*to break、 to be folded*おれる
振れる,intransative*to swing、 to shake*ふれる
揺れる,intransative*to sway、 to shake*ゆれる
擦れる,intransative*to rub、 to chafe*すれる
放れる,intransative*to be released、 to break free*はなれる
敗れる,intransative*to be defeated、 to lose*やぶれる
晴れる,intransative*to clear up、 to become fine*はれる
暮れる,intransative*to get dark、 to come to an end*くれる
暴れる,intransative*to run wild、 to rampage*あばれる
枯れる,intransative*to wither、 to dry up*かれる
汚れる,intransative*to get dirty、 to be stained*よごれる
流れる,intransative*to flow、 to stream*ながれる
溺れる,intransative*to drown、 to be drowned*おぼれる
漏れる,intransative*to leak、 to escape*もれる
潰れる,intransative*to be crushed、 to collapse*つぶれる
照れる,intransative*to feel shy、 to be embarrassed*てれる
熟れる,intransative*to ripen、 to mature*うれる
現れる,intransative*to appear、 to show up*あらわれる
疲れる,intransative*to get tired、 to become weary*つかれる
紛れる,intransative*to get mixed up、 to be distracted*まぎれる
縮れる,intransative*to shrink、 to curl*ちぢれる
群れる,intransative*to form a group、 to gather*むれる
腐れる,intransative*to rot、 to decay*くされる
腫れる,intransative*to swell、 to be swollen*はれる
膨れる,intransative*to swell、 to expand*ふくれる
荒れる,intransative*to become rough、 to be in disorder*あれる
蒸れる,intransative*to become humid、 to get steamy*むれる
薄れる,intransative*to become dim、 to fade*うすれる
表れる,intransative*to show、 to manifest*あらわれる
触れる,intransative*to touch、 to come into contact with*ふれる
訪れる,both*to visit、 to drop by*おとずれる
逃れる,intransative*to escape、 to avoid*のがれる
連れる,transative*to lead、 to take along*つれる
遅れる,intransative*to be late、 to be delayed*おくれる
陥れる,transative*to trap、 to ensnare*おとしいれる
隠れる,intransative*to hide、 to conceal*かくれる
離れる,intransative*to separate、 to leave*はなれる
後ろ,noun*behind、 in the back*うしろ
懇ろ,naadj*intimate、 sincere*ねんごろ
恐ろしい,iadj*dreadful、 terrible*おそろしい
下ろす,transative*to lower、 to bring down*おろす
降ろす,transative*to unload、 to disembark*おろす
味わう,transative*to taste、 to savor*あじわう
結わえる,transative*to tie、 to bind*ゆわえる
交わす,transative*to exchange、 to interchange*かわす
合わす,transative*to fit、 to match*あわす
煩わす,transative*to bother、 to trouble*わずらわす
遣わす,transative*to use、 to employ*つかわす
合わせる,transative*to fit、 to adjust*あわせる
交わる,intransative*to cross、 to intersect*まじわる
代わる,intransative*to change、 to substitute*かわる
伝わる,intransative*to be transmitted、 to be conveyed*つたわる
備わる,intransative*to be equipped with、 to be provided*そなわる
加わる,intransative*to be added、 to join*くわわる
変わる,intransative*to change、 to transform*かわる
据わる,intransative*to sit、 to be seated*すわる
換わる,intransative*to be exchanged、 to be replaced*かわる
携わる,intransative*to be involved in、 to participate in*たずさわる
教わる,transative*to be taught、 to learn*おそわる
替わる,intransative*to be replaced、 to be substituted*かわる
植わる,intransative*to be planted、 to be sown*うわる
終わる,intransative*to finish、 to end*おわる
関わる,intransative*to be involved、 to be related*かかわる
盛ん,naadj*vigorous、 flourishing*さかん
𠮟る,transative*to get spoiled、 to become decayed*める
厚かましい,iadj*impudent； shameless； brazen； cheeky； presumptuous*あつかましい
勇ましい,iadj*brave； valiant； gallant； courageous； vigorous； rousing*いさましい
望ましい,iadj*desirable； hoped for； preferable； advisable*のぞましい
好ましい,iadj*nice； likeable； desirable*このましい
逞しい,iadj*burly； strong； sturdy； strong willed*たくましい
目覚ましい,iadj*remarkable； striking； brilliant*めざましい
生々しい,iadj*vivid； fresh； raw； graphic； true to life； fresh*なまなましい
痛ましい,iadj*pitiful； heartbreaking； touching； sad； truthful*いたましい
