丸い,iAdj*Round*まるい
互い,iAdj*Each other*たがい
亡い,iAdj*Not present; doesn’t exist*ない
低い,iAdj*Low*ひくい
偉い,iAdj*Great; remarkable*えらい
円い,iAdj*Round*まるい
勢い,Noun*Momentum; force*いきおい
厚い,iAdj*Hot; thick*あつい
古い,iAdj*Old*ふるい
問い,Noun*Steep*とい
固い,iAdj*Hard; stiff*かたい
堅い,iAdj*Hard; stiff*かたい
多い,iAdj*Many; numerous*おおい
太い,iAdj*Thick*ふとい
安い,iAdj*Cheap; inexpensive*やすい
寒い,iAdj*Cold*さむい
尊い,iAdj*Important; valuable*とうとい
幸い,naAdj*Fortunate; happy*さいわい
幼い,iAdj*Young*おさない
広い,iAdj*Wide; spacious*ひろい
弱い,iAdj*Weak*よわい
強い,iAdj*Strong*つよい
快い,iAdj*Pleasant; agreeable*こころよい
怖い,iAdj*Scary*こわい
悪い,iAdj*Bad*わるい
愁い,Noun*Regret*うれい
憂い,Noun*Regret*うれい
憎い,iAdj*Difficult; hateful*にくい
憩い,iAdj*Recreation; relaxation*いこい
拙い,iAdj*Clumsy; unskillful*つたない
早い,iAdj*Fast; early*はやい
暑い,iAdj*Hot; thick*あつい
暗い,iAdj*Dark*くらい
永い,iAdj*Long*ながい
汚い,iAdj*Dirty*きたない
浅い,iAdj*Shallow*あさい
淡い,iAdj*Light; pale*あわい
深い,iAdj*Deep*ふかい
清い,iAdj*Clean; pure*きよい
渋い,iAdj*Astringent; subtle*しぶい
潔い,iAdj*Frank; honest*いさぎよい
濃い,iAdj*Deep; strong*こい
災い,Noun*Calamity; misfortune*わざわい
無い,iAdj*Not present; doesn’t exist*ない
煙い,iAdj*Smoky; hazy*けむい
熱い,iAdj*Hot; thick*あつい
狭い,iAdj*Narrow; tight*せまい
甘い,iAdj*Sweet*あまい
疎い,iAdj*Unfamiliar; ignorant*うとい
痛い,iAdj*Painful*いたい
白い,iAdj*White*しろい
眠い,iAdj*Sleepy*ねむい
短い,iAdj*Short*みじかい
硬い,iAdj*Hard; stiff*かたい
粗い,iAdj*Rough*あらい
細い,iAdj*Thin; narrow*ほそい
緩い,iAdj*Loose; lenient*ゆるい
臭い,iAdj*Stinky*くさい
良い,iAdj*Good*よい
若い,iAdj*Young*わかい
苦い,iAdj*Bitter*にがい
荒い,iAdj*Rough*あらい
薄い,iAdj*Thin; weak*うすい
貴い,iAdj*Important; valuable*とうとい
賢い,iAdj*Wise; clever*かしこい
赤い,iAdj*Red*あかい
軽い,iAdj*Light*かるい
辛い,iAdj*Spicy; salty*からい
近い,iAdj*Near; close*ちかい
速い,iAdj*Fast; quick*はやい
遅い,iAdj*Late; slow*おそい
遠い,iAdj*Far*とおい
酸い,iAdj*Cool; refreshing*すい
醜い,iAdj*Ugly*みにくい
重い,iAdj*Heavy*おもい
鈍い,iAdj*Dull; blunt*にぶい
鋭い,iAdj*Sharp*するどい
長い,iAdj*Long*ながい
難い,iAdj*Hard; stiff*かたい
青い,iAdj*Blue*あおい
類い,Noun*Kind; sort*たぐい
高い,iAdj*High; tall*たかい
黒い,iAdj*Black*くろい
追いつく,Intransative*To catch up with*おいつく
大いに,adverb*Greatly; much*おおいに
報いる,Transative*To repay; to reward*むくいる
強いる,Transative*To advise; to admonish*しいる
悔いる,Transative*To eat; to bite*くいる
率いる,Transative*To lead; to command*ひきいる
用いる,Transative*To use; to employ*もちいる
老いる,Intransative*To be experienced; to occur*おいる
乞う,Transative*Thus; in this way*こう
争う,Intransative*To argue; to dispute*あらそう
交う,special*To buy; to raise （pets）*まじわう
会う,Intransative*To meet; to match*あう
伝う,Intransative*To convey; to follow*つたう
伴う,Both*To accompany; to be accompanied by*ともなう
伺う,Transative*To ask; to inquire*うかがう
使う,Transative*To use*つかう
倣う,Intransative*To learn*ならう
償う,Transative*To apologize; to make amends*つぐなう
匂う,Intransative*To smell; to stink*におう
占う,Transative*To forecast; to predict*うらなう
合う,Intransative*To fit; to suit*あう
吸う,Transative*To inhale*すう
呪う,Transative*To curse*のろう
商う,Transative*To give up; to abandon*あきなう
問う,Transative*To fight; to struggle*とう
囲う,Transative*To write; to describe*かこう
培う,Transative*To investigate; to search*つちかう
失う,Transative*To lose; to miss*うしなう
奪う,Transative*To steal; to snatch*うばう
奮う,Both*To shake; to swing*ふるう
嫌う,Transative*To hate; to detest*きらう
弔う,Transative*To pray; to wish for*とむらう
従う,Intransative*To obey; to follow*したがう
思う,Transative*To think; to feel*おもう
恋う,Transative*This way; thus*こう
患う,Both*To be troubled; to be worried*わずらう
惑う,Intransative*To be bewildered; to be confused*まどう
慕う,Transative*To serve; to work for*したう
憩う,Intransative*To go; to proceed*いこう
戦う,Intransative*To fight; to battle*たたかう
払う,Transative*To pay; to compensate*はらう
扱う,Transative*To handle; to deal with*あつかう
担う,Transative*To imitate; to copy*になう
拭う,Transative*To take off; to remove （clothing）*ふくう
拾う,Transative*To pick up; to gather*ひろう
救う,Transative*To scoop up; to collect*すくう
敬う,Transative*To admire; to respect*うやまう
整う,Intransative*To get ready; to be prepared*ととのう
構う,Intransative*To mind; to care about*かまう
歌う,Both*To sing*うたう
沿う,Intransative*So; like that*そう
洗う,Transative*To wash*あらう
添う,Intransative*So; like that*そう
漂う,Intransative*To drift; to float*ただよう
潤う,Intransative*To be moist; to be humid*うるおう
煩う,Both*To feel dizzy; to become confused*わずらう
狂う,Intransative*To aim at; to target*くるう
狙う,Transative*To doubt; to distrust*ねらう
疑う,Transative*To celebrate; to congratulate*うたがう
祝う,Transative*To compete; to vie*いわう
競う,Intransative*To laugh; to smile*きそう
笑う,Intransative*To say; to express*わらう
結う,Transative*To sew; to stitch*むすう
縫う,Transative*To create; to make*ぬう
繕う,Transative*To learn*つくろう
習う,Transative*To smell; to stink*ならう
臭う,Transative*To dance*におう
舞う,Intransative*To perform; to conduct*まう
行う,Transative*To pretend; to feign*おこなう
装う,Transative*To protect; to guard*よそおう
補う,Transative*To attack; to assail*おぎなう
襲う,Transative*To cover; to wrap*おそう
覆う,Transative*To say; to speak*おおう
言う,Transative*To swear; to vow*いう
誓う,Transative*To invite; to tempt*ちかう
誘う,Transative*This way; thus*さそう
調う,Intransative*To chase; to pursue*しらう
請う,Transative*To raise; to rear*こう
負う,Transative*To provide for; to support*おう
買う,Transative*To hesitate; to be uncertain*かう
賄う,Transative*To visit; to frequent*まかなう
迷う,Intransative*To differ; to be wrong*まよう
通う,Intransative*To use*かよう
違う,Intransative*To meet*ちがう
遣う,Transative*Like; similar to*つかう
遭う,Intransative*To fight; to struggle*あう
酔う,Intransative*To gather; to assemble*よう
闘う,Intransative*To hire; to employ*たたかう
集う,Intransative*To shake; to swing*つどう
雇う,Transative*To wish; to hope for*やとう
震う,Transative*To eat*ふるう
願う,Transative*To buy*ねがう
食う,Transative*To devote oneself to; to serve*くう
飼う,Transative*Dangerous; risky*かう
養う,Transative*Prosperity; flourishing*やしなう
危うい,iAdj*Answer; response*あやうい
栄え,Noun*To give; to provide*さかえ
答え,Noun*To mix; to mingle*こたえ
与える,Transative*To be useful; to be of use*あたえる
交える,Transative*To change; to transform*まじえる
仕える,Intransative*To convey; to transmit*つかえる
代える,Transative*To compare; to liken*かえる
伝える,Transative*To prepare; to equip*つたえる
例える,Transative*To grow cold; to chill*たとえる
供える,Transative*To freeze; to be chilled*そなえる
備える,Transative*To put in one’s mouth; to hold in the mouth*そなえる
冷える,Intransative*To name; to call*ひえる
凍える,Intransative*To endure; to bear*こごえる
加える,Transative*To increase; to grow*くわえる
唱える,Transative*To follow; to accompany*となえる
堪える,Both*To answer; to respond*こたえる
増える,Intransative*To rejoice; to be glad*ふえる
変える,Transative*To rejoice; to be glad*かえる
従える,Transative*To restrain; to control*したがえる
応える,Intransative*To hold; to carry*こたえる
愁える,Transative*To capture; to seize*うれえる
憂える,Transative*To plant; to establish*うれえる
抑える,Transative*To refrain; to hold back*おさえる
抱える,Transative*To change; to return*かかえる
捉える,Transative*To support; to bear*とらえる
据える,Transative*To support; to assist*すえる
控える,Both*To refrain*ひかえる
換える,Transative*To change*かえる
携える,Transative*To support （physically）*たずさえる
支える,Transative*To support （mentally/emotionally）*ささえる
教える,Transative*To teach*おしえる
数える,Transative*To count*かぞえる
整える,Transative*To arrange/organize*ととのえる
映える,Intransative*To grow （plants/hair）*はえる
替える,Transative*To govern/reign*かえる
栄える,Intransative*To support/prop up*さかえる
植える,Transative*To plant/raise （crops）*うえる
構える,Both*To prepare/position*かまえる
殖える,Intransative*To increase/grow*ふえる
消える,Intransative*To disappear/extinguish*きえる
添える,Transative*To accompany/adorn*そえる
煮える,Intransative*To boil （liquid）*にえる
燃える,Intransative*To burn*もえる
甘える,Intransative*To act spoiled/depend on someone*あまえる
生える,Intransative*To grow （e。g。、 hair、 plants）*はえる
癒える,Intransative*To heal/recover*いえる
答える,Intansative*To answer/respond*こたえる
終える,Transative*To finish/end*おえる
絶える,Intransative*To cease/disappear*たえる
考える,Transative*To think/consider*かんがえる
耐える,Both*To endure/bear*たえる
肥える,Intransative*To grow fat/thrive*こえる
萎える,Intransative*To wilt/wither*しぼえる
蓄える,Transative*To store/accumulate*たくわえる
衰える,Intransative*To decline/weaken*おとろえる
見える,Intransative*To be visible/appear*みえる
覚える,Transative*To memorize/remember*おぼえる
訴える,Transative*To sue/appeal*うったえる
調える,Transative*To adjust/tune*ととのえる
費える,Intransative*To be exhausted/spent*ついえる
超える,Trasative*To exceed/surpass*こえる
越える,Transative*To cross/pass*こえる
迎える,Transative*To welcome/receive*むかえる
違える,Transative*To differ/mistake*ちがえる
鍛える,Transative*To train/exercise*きたえる
震える,Intransative*To tremble/shiver*ふるえる
飢える,Intransative*To hunger/starve*うえる
狂おしい,iAdj*Mad/crazy*くるおしい
僅か,naAdj*A little/few*わずか
厳か,naAdj*Solemn/dignified*おごそか
定か,naAdj*Certain/sure*さだか
愚か,naAdj*Foolish/stupid*おろか
暖か,naAdj*Warm （formal）*あたたか
温か,naAdj*Warm （friendly）*あたたか
確か,naAdj*Certain/sure*たしか
細か,naAdj*Fine/detailed*こまか
豊か,naAdj*Abundant/rich*ゆたか
静か,naAdj*Quiet/calm*しずか
暖かい,iAdj*Warm （formal）*あたたかい
温かい,iAdj*Warm （friendly）*あたたかい
細かい,iAdj*Fine/detailed*こまかい
向かう,Intransative*To face/head toward*むかう
懐かしい,iAdj*Nostalgic*なつかしい
懐かしむ,Transative*To long for/miss （something）*なつかしむ
乾かす,Transative*To dry （transitive）*かわかす
動かす,Transative*To move （something）*うごかす
化かす,Transative*To trick/deceive*ばかす
寝かす,Transative*To put to sleep*ねかす
尽かす,Transative*To exhaust/deplete*つかす
抜かす,Transative*To omit/leave out*ぬかす
明かす,Transative*To reveal/explain*あかす
更かす,Transative*To set aflame*ふかす
沸かす,Transative*To boil （transitive）*わかす
溶かす,Transative*To melt/dissolve （transitive）*とかす
生かす,Transative*To utilize/make the most of*いかす
脅かす,Transative*To threaten/intimidate*おどかす
解かす,Transative*To solve （a problem）*とかす
負かす,Transative*To defeat/beat*まかす
透かす,Transative*To see through （e。g。、 a fabric）*すかす
飽かす,Transative*To satiate/tire of*あかす
驚かす,Transative*To surprise/startle （someone）*おどろかす
分かつ,Transative*To divide/separate*わかつ
浮かぶ,Intransative*To float （on liquid）*うかぶ
浮かべる,Transative*To float （something）*うかべる
確かめる,Transative*To confirm/check*たしかめる
明かり,Noun*Light/lamp*あかり
分かる,Intransative*To understand*わかる
助かる,Intransative*To be saved/helped*たすかる
受かる,Intransative*To pass （an exam）*うかる
懸かる,Intransative*To depend on/hang （e。g。、 a future）*かかる
抜かる,Intransative*To be omitted/left out*ぬかる
授かる,Transative*To be given/receive （e。g。、 a blessing）*さずかる
掛かる,Transative*To hang （e。g。、 clothes）*かかる
架かる,Intransative*To be suspended/hung*かかる
漬かる,Intransative*To be soaked/immersed*つかる
預かる,Transative*To take care of/keep （something for someone）*あずかる
分かれる,Intransative*To separate/divide*わかれる
浮かれる,Intransative*To be elated/excited*うかれる
嘆かわしい,iAdj*Pitiful/sorrowful*なげかわしい
焦がす,Transative*To burn/scorch （transitive）*こがす
転がす,Transative*To roll （something）*ころがす
逃がす,Transative*To release/let go*にがす
上がる,Intransative*To rise/go up*あがる
下がる,Intransative*To fall/go down*さがる
塞がる,Intransative*To be blocked/sealed*ふさがる
広がる,Intransative*To spread/expand*ひろがる
挙がる,Intransative*To be raised/lifted*あがる
揚がる,Intransative*To be fried/raised （e。g。、 doughnuts）*あがる
曲がる,Intransative*To bend/curve*まがる
転がる,Intransative*To roll （intransitive）*ころがる
剝がれる,Noun*To peel （off）*はげる
焦がれる,Transative*To long/yearn for*こがれる
大きい,iAdj*Big/large*おおきい
尽きる,Intransative*To be exhausted/run out*つきる
生きる,Intransative*To live/exist*いきる
起きる,Intransative*To wake up/get up*おきる
飽きる,Intransative*To get tired of/bored with*あきる
過ぎる,Intransative*To pass/go by*すぎる
乾く,Intransative*To dry （intransitive）*かわく
付く,Intransative*To be attached/stick to*つく
傾く,Intransative*To lean/incline*かたむく
働く,Intransative*To work/function*はたらく
全く,Adverb*Completely/totally*まったく
利く,Intransative*To be effective/work*きく
割く,Transative*To divide/spend （time/money）*わく
効く,Intransative*To be effective/work （medicine、 etc。）*きく
動く,Intransative*To move （oneself）*うごく
吐く,Both*To vomit/spit out*はく
向く,Both*To face/head toward*むく
吹く,Both*To blow （wind）*ふく
咲く,Intransative*To bloom/blossom*さく
嘆く,Both*To lament/mourn*なげく
噴く,Both*To spout/gush （water、 etc。）*ふく
好く,Adverb*To like/prefer*すく
導く,Transative*To guide/lead*みちびく
就く,Intransative*To take up/assume （a position）*つく
届く,Intransative*To reach/arrive at*とどく
履く,Transative*To wear （footwear）*はく
巻く,Transative*To wind/roll （something）*まく
引く,Transative*To pull/draw*ひく
弾く,Transative*To play （a musical instrument）*ひく
懐く,Intransative*To embrace/cherish*なつく
抜く,Transative*To pull out/remove*ぬく
抱く,Transative*To hug/embrace*だく
招く,Transative*To invite/welcome*まねく
拭く,Transative**ふく
掃く,Transative*to sweep*はく
描く,Transative*to draw*えがく
敷く,Transative*to spread （e。g。、 a blanket）、 to lay down*しく
明く,Intransative*to open （e。g。、 a door）*あく
暴く,Transative*to expose、 to disclose*あばく
書く,Transative*to write*かく
欠く,Transative*to lack、 to be missing*かく
欺く,Transative*to deceive、 to cheat*あざむく
歩く,Intransative*to walk*あるく
沸く,Intransative*to boil、 to seethe*わく
泣く,Intransative*to cry*なく
浮く,Intransative*to float*うく
渇く,Intransative*to be thirsty*かわく
湧く,Intransative*to well up、 to gush forth*わく
溶く,Transative*to dissolve*とく
炊く,Both*to cook （e。g。、 rice）*たく
焼く,Transative*to bake、 to roast*やく
省く,Transative*to omit、 to skip*はぶく
着く,Intransative*to arrive*つく
瞬く,Intransative*to twinkle、 to blink*またたく
砕く,Transative*to crush、 to smash*くだく
磨く,Transative*to polish、 to brush*みがく
空く,Intransative*to become empty、 to be vacant*あく
突く,Transative*to stab、 to poke*つく
築く,Transative*to build、 to construct*きずく
続く,Intransative*to continue*つづく
置く,Transative*to put、 to place*おく
聞く,Transative*to listen、 to ask*きく
聴く,Transative*to listen （more formal than 聞く）*きく
背く,Intransative*to disobey、 to go against*そむく
行く,Intransative*to go*いく
裁く,Transative*to judge、 to decide*さばく
裂く,Transative*to tear、 to split*さく
解く,Transative*to solve、 to untie*とく
説く,ku*to explain、 to preach*とく
貫く,Transative*to penetrate、 to pierce*つらぬく
赴く,Intransative*to proceed、 to go （towards something）*おもむく
輝く,Intransative*to shine、 to sparkle*かがやく
退く,Intransative*to retreat、 to withdraw*しりぞく
透く,Intransative*to be transparent、 to be permeable*すく
逝く,Intransative*to pass away、 to die*ゆく
開く,Intransative*to open*ひらく
除く,Transative*to remove、 to exclude*のぞく
響く,Intransative*to resound、 to echo*ひびく
頂く,Transative*to receive、 to accept （humble form）*いただく
驚く,Intransative*to be surprised、 to be amazed*おどろく
鳴く,Intransative*to chirp、 to sing （birds）、 to meow （cats）、 etc。*なく
尽くす,Both*to do one’s best、 to exhaust all efforts*つくす
明くる,preNoun*to come next、 to follow*あくる
仰ぐ,Intransative*to look up to、 to admire*あおぐ
嗅ぐ,Transative*to smell、 to sniff*かぐ
塞ぐ,Transative*to close up、 to block*ふさぐ
嫁ぐ,Intransative*to get married*とつぐ
急ぐ,Both*to hurry、 to rush*いそぐ
担ぐ,Transative*to carry on one’s shoulder、 to bear*かつぐ
接ぐ,Transative*to join、 to connect*つぐ
次ぐ,Intransative*to follow、 to come next*つぐ
注ぐ,Both*to pour、 to fill （a cup、 etc。）*そそぐ
泳ぐ,Intransative*to swim*およぐ
研ぐ,Transative*to sharpen、 to grind*とぐ
稼ぐ,Both*to earn、 to make money*かせぐ
紡ぐ,Transative*to spin （e。g。、 thread）、 to weave （e。g。、 a story）*つむぐ
継ぐ,Transative*to inherit、 to succeed*つぐ
脱ぐ,Transative*to take off （clothes、 etc。）*ぬぐ
貢ぐ,Both*to contribute、 to donate*みつぐ
防ぐ,Transative*to prevent、 to protect against*ふせぐ
騒ぐ,Intransative*to make noise、 to be noisy*さわぐ
情け,Noun*compassion、 sympathy*なさけ
付ける,Transative*to attach、 to add*つける
傾ける,Transative*to incline、 to tilt*かたむける
分ける,Transative*to divide、 to share*わける
助ける,Transative*to help、 to assist*たすける
化ける,Intransative*to transform、 to disguise oneself*ばける
受ける,Transative*to receive、 to accept*うける
向ける,Transative*to turn toward、 to direct*むける
就ける,Transative*to take up （a position）、 to start （a job）*つける
届ける,Transative*to deliver、 to send*とどける
引ける,Intransative*to pull back、 to retreat*ひける
怠ける,Transative*to be lazy、 to slack off*なまける
懐ける,Transative*to hold close、 to cuddle*なつける
懸ける,Transative*to hang、 to suspend*かける
抜ける,Intransative*to come out、 to escape*ぬける
授ける,Transative*to give、 to bestow*さずける
掛ける,Transative*to hang、 to put on*かける
明ける,Transative*to dawn、 to become light*あける
更ける,Intransative*to grow late、 to become late*ふける
架ける,Transative*to build、 to construct （e。g。、 a bridge）*かける
欠ける,Intransative*to be lacking、 to be incomplete*かける
溶ける,Intransative*to melt、 to dissolve*とける
漬ける,Transative*to soak、 to pickle*つける
焼ける,Intransative*to burn、 to be roasted*やける
生ける,Transative*to arrange （flowers）*いける
着ける,Transative*to put on （clothes）、 to wear*つける
砕ける,Intransative*to break、 to be crushed*くだける
空ける,Transative*to empty、 to make space*あける
続ける,Transative*to continue、 to keep up*つづける
老ける,Intransative*to age、 to grow old*ふける
背ける,Transative*to turn one’s back on、 to reject*そむける
裂ける,Intransative*to tear、 to rip*さける
解ける,Intransative*to come untied、 to be solved*ほどける
設ける,Transative*to establish、 to provide*もうける
請ける,Transative*to undertake、 to accept an order*うける
負ける,Intransative*to lose、 to be defeated*まける
賭ける,Transative*to gamble、 to bet*かける
退ける,Transative*to repel、 to withdraw*しりぞける
透ける,Intransative*to be transparent、 to be seen through*すける
避ける,Transative*to avoid、 to evade*さける
開ける,Transative*to open*あける
預ける,Transative*to entrust、 to deposit*あずける
駆ける,Intransative*to run、 to dash*かける
上げる,Transative*to raise、 to lift*あげる
下げる,Transative*to lower、 to hang down*さげる
剝げる,Transative*to peel off、 to be stripped off*はげる
告げる,Transative*to inform、 to anNounce*つげる
妨げる,Transative*to hinder、 to obstruct*さまたげる
広げる,Transative*to spread out、 to expand*ひろげる
投げる,Transative*to throw、 to cast*なげる
挙げる,Transative*to raise、 to cite*あげる
掲げる,Transative*to hoist、 to raise*かかげる
提げる,Transative*to carry、 to hold up*さげる
揚げる,Transative*to fry、 to lift up*あげる
曲げる,Transative*to bend、 to curve*まげる
焦げる,Intransative*to burn、 to char*こげる
脱げる,Intransative*to come off、 to slip off*ぬける
虐げる,Transative*to oppress、 to mistreat*しいたげる
転げる,Intransative*to roll、 to tumble*ころげる
逃げる,Intransative*to escape、 to flee*にげる
遂げる,Transative*to accomplish、 to achieve*とげる
向こう,Noun*over there、 the other side*むこう
聞こえる,Intransative*to be audible、 to hear*きこえる
起こす,Transative*to wake someone up、 to cause*おこす
起こる,Intransative*to occur、 to happen*おこる
過ごす,Intransative*to spend （time）、 to pass （time）*すごす
小さい,iAdj*small、 little*ちいさい
押さえる,Transative*to restrain、 to control*おさえる
揺さぶる,Transative*to shake、 to jolt*ゆさぶる
下さる,Intransative*to give （honorific）*くださる
刺さる,Intransative*to be stuck、 to be pricked*ささる
閉ざす,Transative*to close、 to shut*とざす
交ざる,Intransative*to mix、 to mingle*まざる
混ざる,Intransative*to be mixed、 to be blended*まざる
但し,conjunction*however、 but*ただし
兆し,Noun*sign、 omen*きざし
少し,adverb*a little、 a bit*すこし
久しい,iAdj*long （time）、 old （friend）*ひさしい
乏しい,iAdj*poor、 scarce*とぼしい
優しい,iAdj*kind、 gentle*やさしい
卑しい,iAdj*humble、 base*いやしい
厳しい,iAdj*strict、 severe*きびしい
妖しい,iAdj*strange、 mysterious*あやしい
寂しい,iAdj*lonely、 sad*さびしい
忙しい,iAdj*busy、 hectic*いそがしい
怪しい,iAdj*suspicious、 dubious*あやしい
恋しい,iAdj*beloved、 yearned for*こいしい
恭しい,iAdj*respectful、 reverent*うやうやしい
悔しい,iAdj*regrettable、 vexing*くやしい
悲しい,iAdj*sad、 sorrowful*かなしい
惜しい,iAdj*regrettable、 precious*おしい
新しい,iAdj*new、 fresh*あたらしい
易しい,iAdj*easy、 simple*やさしい
楽しい,iAdj*enjoyable、 fun*たのしい
欲しい,iAdj*to want、 to desire*ほしい
正しい,iAdj*correct、 right*ただしい
涼しい,iAdj*cool、 refreshing*すずしい
激しい,iAdj*intense、 violent*はげしい
珍しい,iAdj*rare、 unusual*めずらしい
等しい,iAdj*equal、 equivalent*ひとしい
美しい,iAdj*beautiful*うつくしい
芳しい,iAdj*fragrant、 aromatic*かんばしい
苦しい,iAdj*painful、 difficult*くるしい
著しい,iAdj*remarkable、 notable*いちじるしい
親しい,iAdj*close、 intimate*したしい
詳しい,iAdj*detailed、 knowledgeable*くわしい
貧しい,iAdj*poor、 needy*まずしい
険しい,iAdj*steep、 rugged*けわしい
難しい,iAdj*difficult、 hard*むずかしい
麗しい,iAdj*lovely、 beautiful*うるわしい
若しくは,conjunction*or、 otherwise*もしくは
憎しみ,Transative*hatred、 resentment*にくしみ
卑しむ,Transative*to despise、 to look down on*いやしむ
怪しむ,Transative*to suspect、 to doubt*あやしむ
悲しむ,Transative*to grieve、 to mourn*かなしむ
惜しむ,Transative*to regret、 to feel sorry for*おしむ
慈しむ,Transative*to love、 to cherish*いつくしむ
楽しむ,Transative*to enjoy、 to have fun*たのしむ
苦しむ,Intransative*to suffer、 to endure*くるしむ
親しむ,Intansative*to be intimate、 to be close*したしむ
卑しめる,Transative*to humble、 to demean*いやしめる
苦しめる,Transative*to afflict、 to torment*くるしめる
同じ,na adjective*same、 identical*おなじ
恥じらう,Intransative*to feel shy、 to be embarrassed*はじらう
交じる,Intransative*to mix、 to blend*まじる
恥じる,Intransative*to feel ashamed、 to be embarrassed*はじる
混じる,Intransative*to be mixed、 to be blended*まじる
閉じる,Intransative*to close、 to shut*とじる
上す,Transative*to publish、 to submit*あげす
下す,Transative*to decide、 to judge*くだす
乱す,Transative*to disturb、 to disrupt*みだす
任す,Transative*to entrust、 to assign*まかす
伏す,Intransative*to prostrate、 to bow down*ふす
余す,Transative*to leave over、 to save*あます
侵す,Transative*to violate、 to encroach*おかす
促す,Transative*to urge、 to prompt*うながす
倒す,Transative*to overthrow、 to defeat*たおす
催す,Transative*to hold、 to give （a party、 etc。）*もよおす
兆す,Intransative*to indicate、 to show signs of*きざす
冒す,Transative*to risk、 to venture*おかす
写す,Transative*to copy、 to photograph*うつす
出す,Transative*to take out、 to send out*だす
刺す,Transative*to pierce、 to stab*さす
卸す,Transative*to sell wholesale、 to unload*おろす
古す,Transative*to use、 to apply*ふるす
召す,Transative*to call、 to summon*めす
唆す,Transative*to tempt、 to incite*そそのかす
回す,Transative*to turn、 to rotate*まわす
増す,Both*to increase、 to add*ます
壊す,Transative*to destroy、 to break*こわす
外す,Transative*to remove、 to take off*はずす
宿す,Intransative*to accommodate、 to house*やどす
崩す,Transative*to destroy、 to demolish*くずす
差す,Intransative*to insert、 to stick in*さす
帰す,Transative*to send back、 to return*かえす
干す,Transative*to dry、 to air out*ほす
志す,Intransative*to aspire、 to aim*こころざす
成す,Transative*to accomplish、 to achieve*なす
戻す,Transative*to return、 to restore*もどす
押す,Transative*to push、 to press*おす
指す,Transative*to point、 to indicate*さす
挿す,Transative*to insert、 to stick in*さす
捜す,Transative*to search、 to look for*さがす
探す,Transative*to search、 to look for*さがす
推す,Transative*to recommend、 to advocate*おすすめる
放す,Transative*to release、 to set free*はなす
施す,Transative*to give、 to apply*ほどこす
映す,Transative*to reflect、 to depict*うつす
来す,Transative*to come、 to cause*くるす
正す,Transative*to correct、 to rectify*たす
残す,Transative*to leave （behind）、 to save*のこす
殺す,Transative*to kill、 to murder*しす
汚す,Transative*to soil、 to dirty*よごす
治す,Transative*to cure、 to heal*なおす
流す,Transative*to flow、 to drain*ながす
浸す,Transative*to soak、 to dip*ひたす
消す,Transative*to erase、 to extinguish*けす
渡す,Transative*to hand over、 to pass*わたす
湿す,Transative*to moisten、 to dampen*しめす
潤す,Transative*to moisten、 to enrich*うるおす
潰す,Transative*to crush、 to smash*つぶす
濁す,Transative*to muddy、 to cloud*にごす
燃す,Transative*to burn、 to light*もやす
犯す,Transative*to violate、 to commit （a crime）*おかす
現す,Transative*to show、 to display*あらわす
申す,Transative*to say、 to tell （humble form of 言う）*もうす
直す,Transative*to fix、 to repair*なおす
示す,Transative*to show、 to indicate*しめす
移す,Transative*to move、 to transfer*うつす
翻す,Transative*to flip、 to turn over*ひるがえす
耕す,Transative*to plow、 to cultivate*たがやす
脅す,Transative*to threaten、 to intimidate*おどす
致す,Transative*to do、 to carry out （polite form of する）*いたす
興す,Transative*to start、 to initiate*おこす
著す,Transative*to write、 to publish*あらわす
蒸す,Transative*to steam、 to evaporate*むす
表す,Transative*to express、 to represent*あらわす
覆す,Transative*to overturn、 to overthrow*くつがえす
記す,Transative*to write down、 to record*しるす
許す,Transative*to forgive、 to permit*ゆるす
試す,Transative*to try、 to test*ためす
話す,Transative*to speak、 to talk*はなす
諭す,Transative*to advise、 to counsel*さとす
貸す,Transative*to lend、 to loan*かす
超す,Transative*to exceed、 to surpass*こえる
越す,Transative*to cross over、 to exceed*こす
足す,Transative*to add、 to supplement*たす
返す,Transative*to return、 to repay*かえす
通す,Transative*to let pass、 to see through*とおす
醸す,Transative*to brew、 to cause*かもす
隠す,Transative*to hide、 to conceal*かくす
離す,Transative*to separate、 to detach*はなす
揺すぶる,Transative*to shake、 to jostle*ゆすぶる
揺する,Transative*to shake、 to sway*ゆする
欲する,Transative*to desire、 to crave*ほっする
必ず,adverb*certainly、 without fail*かならず
恥ずかしい,iAdj*embarrassing、 shameful*はずかしい
仰せ,Noun*command、 instruction （humble form）*おほせ
幸せ,Noun*happiness、 bliss*しあわせ
上せる,Transative*to add、 to offer （honorific form）*のぼせる
乗せる,Transative*to place on、 to give a ride*のせる
任せる,Transative*to entrust、 to leave to*まかせる
伏せる,Transative*to lay down、 to prostrate*ふせる
併せる,Transative*to join together、 to combine*あわせる
寄せる,Transative*to gather、 to bring near*よせる
痩せる,Transative*to become thin、 to lose weight*やせる
着せる,Transative*to put clothes on someone、 to dress*きせる
見せる,Transative*to show、 to display*みせる
載せる,Transative*to place on、 to put on （a vehicle、 etc。）*のせる
交ぜる,Transative*to mix、 to blend*まぜる
混ぜる,Transative*to mix、 to blend*まぜる
新た,naAdj*new、 fresh*あらた
冷たい,iAdj*cold （to the touch）*つめたい
果たす,Transative*to accomplish、 to fulfill*はたす
満たす,Transative*to fill、 to satisfy*みたす
慌ただしい,iAdj*hectic、 busy*あわただしい
当たる,Intransative*to hit、 to strike*あたる
隔たる,Intransative*distant、 isolated*へだたる
甚だ,adverb*very、 exceedingly*はなはだ
甚だしい,iAdj*extreme、 excessive*はなはだしい
過ち,Noun*mistake、 error*あやまち
直ちに,adverb*immediately、 at once*ただちに
朽ちる,Intransative*to decay、 to rot*くちる
満ちる,Intransative*to be filled、 to be full*みちる
落ちる,Intransative*to fall、 to drop*おちる
一つ,numeric*one、 single*ひとつ
七つ,numeric*seven*ななつ
三つ,numeric*three*みっつ
且つ,conj adv*and、 moreover*かつ
九つ,numeric*nine*ここのつ
二つ,numeric*two*ふたつ
五つ,numeric*five*いつつ
保つ,Both*to keep、 to maintain*たもつ
八つ,numeric*eight*やつ
六つ,numeric*six*むっつ
勝つ,Intransative*to win、 to be victorious*かつ
四つ,numeric*four*よつ
建つ,Intransative*to be built、 to stand*たつ
待つ,Intransative*to wait、 to await*まつ
打つ,trans*to hit、 to strike*うつ
持つ,trans*to hold、 to carry*もつ
撃つ,trans*to shoot、 to attack*うつ
放つ,trans*to release、 to emit*はなつ
断つ,trans*to sever、 to cut off*たつ
立つ,Intransative*to stand、 to rise*たつ
絶つ,trans*to sever、 to cut off*たつ
育つ,trans*to grow、 to be brought up*そだつ
裁つ,Intransative*to cut、 to tailor*たつ
討つ,trans*to attack、 to defeat*うつ
過つ,Intransative*to err、 to make a mistake*たつ
全て,adverb*everything、 all*すべて
果て,Noun*end、 limit*はて
企てる,Transative*to plan、 to scheme*くわだてる
充てる,Transative*to assign、 to allocate*あてる
宛てる,Transative*to address、 to assign*あてる
建てる,Transative*to build、 to construct*たてる
当てる,Transative*to hit、 to apply*あてる
慌てる,Intransative*to panic、 to be flustered*あわてる
捨てる,Transative*to throw away、 to abandon*すてる
果てる,Intransative*to end、 to come to an end*はてる
立てる,Transative*to stand （something） up、 to establish*たてる
育てる,Transative*to raise、 to nurture*そだてる
隔てる,Transative*to separate、 to isolate*へだてる
奏でる,Both*to play （music）、 to perform*かなでる
秀でる,Intransative*to excel、 to be outstanding*ひいでる
詣でる,Transative*to visit （a shrine or temple）*もうでる
落とす,Transative*to drop、 to let fall*おとす
危ない,iAdj*dangerous、 risky*あぶない
少ない,iAdj*few、 scarce*すくない
損なう,Transative*to harm、 to damage*そこなう
連なる,Intransative*to be in a row、 to be connected*つらなる
重なる,Intransative*to pile up、 to overlap*かさなる
既に,adverb*already、 by now*すでに
死ぬ,Intransative*to die、 to pass away*しぬ
兼ねる,Transative*to hold two or more positions、 to be capable of*かねる
委ねる,Transative*to entrust、 to hand over*ゆだねる
尋ねる,Transative*to ask、 to inquire*たずねる
損ねる,Transative*to harm、 to impair*そこねる
訪ねる,Transative*to visit、 to call on*たずねる
跳ねる,Intransative*to jump、 to leap*はねる
連ねる,Transative*to line up、 to arrange in a row*つらねる
重ねる,Transative*to pile up、 to layer*かさねる
半ば,adverb*halfway、 middle*なかば
伸ばす,Transative*to extend、 to stretch out*のばす
延ばす,Transative*to postpone、 to prolong*のばす
飛ばす,Transative*to send flying、 to skip*とばす
忍ばせる,Transative*to conceal、 to hide*しのばせる
再び,adverb*again、 once more*ふたたび
及び,conjunction*and、 as well as*および
浴びせる,Transative*to pour、 to splash （liquid）*あびせる
並びに,conjunction*as well as、 along with*ならびに
伸びる,Intransative*to stretch、 to extend*のびる
帯びる,Transative*to bear、 to wear （a look or expression）*おびる
延びる,Intransative*to be extended、 to be prolonged*のびる
浴びる,Transative*to bathe、 to receive （sunlight、 etc。）*あびる
滅びる,Intransative*to be destroyed、 to perish*ほろびる
綻びる,Intransative*to come apart、 to open*ほころびる
並ぶ,Intransative*to line up、 to stand in a row*ならぶ
及ぶ,Intransative*to reach、 to extend to*およぶ
叫ぶ,Intransative*to shout、 to cry out*さけぶ
呼ぶ,Transative*to call、 to summon*よぶ
喜ぶ,Both*to be delighted、 to rejoice*よろこぶ
学ぶ,Transative*to learn、 to study*まなぶ
尊ぶ,Transative*to respect、 to honor*とうとぶ
弄ぶ,Transative*to play with、 to toy with*いじる
忍ぶ,Both*to endure、 to bear*しのぶ
結ぶ,Both*to tie、 to bind*むすぶ
貴ぶ,Transative*to esteem、 to value*とうとぶ
貴ぶ,Transative*to esteem、 to value*とうとぶ
跳ぶ,Intransative*to jump、 to leap*とぶ
転ぶ,Intransative*to fall down、 to tumble*ころぶ
遊ぶ,Intransative*to play、 to have fun*あそぶ
運ぶ,Transative*to carry、 to transport*はこぶ
選ぶ,Transative*to choose、 to select*えらぶ
飛ぶ,Intransative*to fly、 to jump*とぶ
危ぶむ,Transative*to fear、 to have misgivings*あやぶむ
並べる,Transative*to line up、 to arrange*ならべる
伸べる,Transative*to extend、 to stretch out*のべる
延べる,Transative*to postpone、 to prolong*のべる
比べる,Transative*to compare、 to contrast*くらべる
統べる,Transative*to control、 to govern*すべる
調べる,Transative*to investigate、 to examine*しらべる
述べる,Transative*to state、 to express*のべる
食べる,Transative*to eat、 to consume*たべる
及ぼす,Transative*to exert、 to apply*およぼす
滅ぼす,Transative*to destroy、 to annihilate*ほろぼす
住まう,Intransative*to reside、 to dwell*すまう
捕まえる,Transative*to catch、 to capture*つかまえる
踏まえる,Transative*to base on、 to take into account*ふまえる
羨ましい,iAdj*envious、 jealous*うらやましい
冷ます,Transative*to cool （something） down、 to chill*さます
励ます,Transative*to encourage、 to cheer up*はげます
悩ます,Transative*to torment、 to distress*なやます
済ます,Transative*to finish、 to settle*すます
澄ます,Transative*to clear （water）、 to clarify*すます
覚ます,Transative*to awaken、 to arouse*さます
休まる,Intransative*to rest、 to take a break*やすまる
低まる,Intansative*to decrease、 to diminish*ひくまる
修まる,Intransative*to be corrected、 to be reformed*おさまる
務まる,Intransative*to be fit for、 to be capable of*つとまる
勤まる,Intransative*to be fit for、 to be capable of*つとまる
収まる,Intransative*to be settled、 to be resolved*おさまる
固まる,Intransative*to harden、 to solidify*かたまる
埋まる,Intransative*to be buried、 to be filled up*うまる
始まる,Intransative*to begin、 to start*はじまる
定まる,Intransative*to be fixed、 to be determined*さだまる
広まる,Intransative*to spread、 to be widespread*ひろまる
弱まる,Intransative*to weaken、 to diminish*よわまる
強まる,Intransative*to strengthen、 to intensify*つよまる
挟まる,Intransative*to be caught between、 to be jammed*はさまる
捕まる,Intransative*to be caught、 to be captured*つかまる
改まる,Intransative*to be revised、 to be amended*あらたまる
早まる,Intransative*to accelerate、 to speed up*はやまる
暖まる,Intransative*to warm up、 to become warm*あたたまる
染まる,Intransative*to be dyed、 to be stained*そまる
極まる,Intransative*to reach the limit、 to be extreme*きわまる
止まる,Intransative*to stop、 to come to a halt*とまる
決まる,Intransative*to be decided、 to be settled*きまる
治まる,Intransative*to be cured、 to be controlled*おさまる
泊まる,Intransative*to stay overnight、 to lodge*とまる
深まる,Intransative*to deepen、 to become deep*ふかまる
清まる,Intransative*to be purified、 to be cleansed*きよまる
温まる,Intransative*to warm up、 to become warm*あたたまる
狭まる,Intransative*to narrow、 to become narrow*せまる
留まる,Intransative*to remain、 to stay*とどまる
窮まる,Intransative*to be in a fix、 to reach an impasse*きわまる
納まる,Intransative*to be settled、 to be delivered*おさまる
絞まる,Intransative*to be tightened、 to be squeezed*しまる
絡まる,Intransative*to be entangled、 to be involved*からまる
締まる,Intransative*to be tightened、 to be fastened*しまる
縮まる,Intransative*to shrink、 to contract*ちぢまる
薄まる,Intransative*to become thin、 to dilute*うすまる
詰まる,Intransative*to be packed、 to be crowded*つまる
速まる,Intransative*to speed up、 to accelerate*はやまる
鎮まる,Intransative*to calm down、 to subside*しずまる
閉まる,Intransative*to close、 to be closed*しまる
集まる,Intransative*to gather、 to assemble*あつまる
静まる,Intransative*to become quiet、 to become silent*しずまる
高まる,Intransative*to rise、 to increase*たかまる
生まれる,Intransative*to be born、 to come into existence*うまれる
産まれる,Intransative*to be born、 to come into existence*うまれる
忌まわしい,iAdj*detestable、 abominable*いまわしい
巧み,naAdjective*skillful、 cleverness*たくみ
染み,Noun*stain、 blemish*しみ
極み,Noun*height、 utmost limit*きわみ
染みる,Intransative*to soak、 to penetrate*しみる
省みる,Transative*to reflect on、 to consider*かえりみる
試みる,Transative*to attempt、 to try*こころみる
鑑みる,Transative*to consider、 to take into account*かんがみる
顧みる,Transative*to look back、 to reflect on*かえりみる
休む,Transative*to rest、 to take a break*やすむ
住む,Intransative*to live、 to reside*すむ
傷む,Intransative*to be damaged、 to be hurt*いたむ
刻む,Transative*to carve、 to engrave*きざむ
励む,Intransative*to strive、 to make an effort*はげむ
勇む,Intransative*to be brave、 to be spirited*いさむ
包む,Transative*to wrap、 to envelop*つつむ
含む,Transative*to contain、 to include*ふくむ
和む,Intransative*to harmonize、 to get along*なごむ
営む,Transative*to run、 to operate*いとなむ
囲む,Transative*to surround、 to enclose*かこむ
好む,Transative*to like、 to prefer*このむ
妬む,Transative*to be jealous of、 to envy*ねたむ
富む,Intransative*to be wealthy、 to be rich*とむ
弾む,Both*to bounce、 to reverberate*はずむ
忌む,Intransative*to avoid、 to shun*いむ
恨む,Transative*to resent、 to bear a grudge*うらむ
恵む,Transative*to bless、 to show mercy*めぐむ
悩む,Intransative*to worry、 to be troubled*なやむ
悼む,Transative*to mourn、 to lament*いたむ
慎む,Transative*to be careful、 to be cautious*つつしむ
慰む,Intransative*to console、 to comfort*なぐさむ
憎む,Transative*to hate、 to detest*にくむ
拒む,Transative*to refuse、 to reject*こばむ
拝む,Transative*to worship、 to pray to*おがむ
挑む,Intransative*to challenge、 to defy*いどむ
挟む,Transative*to sandwich、 to insert*はさむ
摘む,Transative*to pluck、 to pick*つまむ
望む,Transative*to wish、 to hope for*のぞむ
歩む,Intransative*to walk、 to proceed*あゆむ
沈む,Intransative*to sink、 to go down*しずむ
涼む,Intransative*to cool down、 to take a rest*すずむ
混む,Intransative*to be crowded、 to be congested*こむ
済む,Intransative*to finish、 to be over*すむ
潜む,Intransative*to lurk、 to hide*ひそむ
潤む,Intransative*to moisten、 to be teary*うるむ
澄む,Intransative*to clear up、 to become clear*すむ
生む,Transative*to give birth、 to produce*うむ
産む,Transative*to give birth、 to produce*うむ
畳む,Transative*to fold、 to lay out*たたむ
疎む,Transative*to neglect、 to alienate*うとむ
病む,Transative*to be ill、 to suffer from*やむ
痛む,Intransative*to ache、 to hurt*いたむ
盗む,Transative*to steal、 to pilfer*ぬすむ
積む,Transative*to pile up、 to stack*つむ
笑む,Inrans*to smile、 to laugh*えむ
組む,Transative*to assemble、 to join*くむ
絡む,Intransative*to be entwined、 to be involved*からむ
編む,Transative*to knit、 to weave*あむ
緩む,Intransative*to loosen、 to slacken*ゆるむ
縮む,Intransative*to shrink、 to contract*ちぢむ
羨む,Transative*to envy、 to be jealous of*うらやむ
育む,Transative*to nurture、 to foster*はぐくむ
臨む,Intransative*to face、 to confront*のぞむ
蔑む,Transative*to despise、 to scorn*さげすむ
詠む,Transative*to recite、 to compose （poetry）*よむ
詰む,Intransative*to pack、 to be stuffed*つめる
読む,Transative*to read、 to peruse*よむ
謹む,Transative*to be cautious、 to be careful*つつしむ
踏む,Transative*to step on、 to tread on*ふむ
込む,Intransative*to be crowded、 to be packed*こむ
進む,Intransative*to advance、 to proceed*すすむ
酌む,Transative*to serve （alcohol）、 to pour*くむ
阻む,Transative*to obstruct、 to hinder*はばむ
頼む,Transative*to ask、 to request*たのむ
飲む,Transative*to drink、 to consume*のむ
初め,Adverbs*beginning、 start*はじめ
惨め,naAdj*miserable、 pitiful*みじめ
斜め,naAdj*diagonal、 oblique*ななめ
恨めしい,iAdj*hateful、 resentful*うらめしい
初めて,Adverbs*for the first time*はじめて
丸める,Transative*to round up、 to roll up*まるめる
休める,Transative*to let rest、 to give a break*やすめる
低める,Transative*to lower、 to reduce*ひくめる
修める,Transative*to study、 to cultivate*おさめる
傷める,Transative*to injure、 to hurt*いためる
冷める,Intransative*to cool down、 to chill*さめる
初める,Transative*to begin、 to start*そめる
努める,Intransative*to strive、 to make an effort*つとめる
務める,Transative*to serve、 to work as*つとめる
勤める,Inrans*to serve、 to work as*すすめる
勧める,Transative*to recommend、 to advise*すすめる
占める,Transative*to constitute、 to comprise*しめる
収める,Transative*to store、 to keep*おさめる
含める,Transative*to include、 to contain*ふくめる
固める,Transative*to harden、 to solidify*かためる
埋める,Transative*to bury、 to fill in*うめる
始める,Transative*to begin、 to start*はじめる
定める,Transative*to decide、 to determine*さだめる
広める,Transative*to spread、 to widen*ひろめる
弱める,Transative*to weaken、 to make weaker*よわめる
強める,Transative*to strengthen、 to make stronger*つよめる
慰める,Transative*to comfort、 to console*なぐさめる
戒める,Transative*to admonish、 to warn*いましめる
改める,Transative*to change、 to reform*あらためる
攻める,Transative*to attack、 to assault*せめる
早める,Transative*to hasten、 to expedite*はやめる
暖める,Transative*to warm up、 to heat*あたためる
染める,Transative*to dye、 to color*そめる
極める,Transative*to master、 to reach the extreme of*きわめる
止める,Transative*to stop、 to cease*やめる
求める,Transative*to seek、 to request*もとめる
決める,Transative*to decide、 to determine*きめる
沈める,Transative*to sink、 to submerge*しずめる
治める,Transative*to govern、 to manage*おさめる
泊める,Transative*to lodge、 to put up for the night*とめる
深める,Transative*to deepen、 to heighten*ふかめる
清める,Transative*to purify、 to cleanse*きよめる
温める,Transative*to warm up、 to heat*あたためる
狭める,Transative*to narrow、 to restrict*せばめる
留める,Transative*to detain、 to stop*とめる
痛める,Transative*to hurt、 to cause pain*いためる
眺める,Transative*to view、 to gaze at*ながめる
矯める,Transative*to correct、 to rectify*ためる
秘める,Transative*to hide、 to conceal*ひめる
究める,Transative*to investigate thoroughly、 to master*きわめる
窮める,Transative*to exhaust、 to reach the limit*きわめる
納める,Transative*to deliver、 to pay*おさめる
絞める,Transative*to strangle、 to tighten*しめる
絡める,Transative*to entangle、 to twist around*からめる
締める,Transative*to tighten、 to fasten*しめる
緩める,Transative*to loosen、 to relax*ゆるめる
縮める,Transative*to shorten、 to reduce*ちぢめる
薄める,Transative*to dilute、 to thin out*うすめる
薦める,Transative*to recommend、 to suggest*すすめる
褒める,Transative*to praise、 to commend*ほめる
覚める,Intransative*to wake up、 to come to one’s senses*さめる
詰める,Transative*to pack、 to cram*つめる
認める,Transative*to recognize、 to acknowledge*みとめる
諦める,Transative*to give up、 to abandon*あきらめる
責める,Transative*to blame、 to criticize*せめる
辞める,Transative*to quit、 to resign*やめる
辱める,Transative*to humiliate、 to shame*はずかしめる
込める,Transative*to include、 to load into*こめる
速める,Transative*to speed up、 to accelerate*はやめる
進める,Transative*to advance、 to promote*すすめる
鎮める,Transative*to calm、 to soothe*しずめる
閉める,Transative*to close、 to shut*しめる
集める,Transative*to gather、 to collect*あつめる
静める,Transative*to quiet、 to calm*しずめる
高める,Transative*to raise、 to heighten*たかめる
最も,Adverb*the most*もっとも
頼もしい,iAdj*reliable、 trustworthy*たのもしい
積もる,Both*to pile up、 to accumulate*つもる
籠もる,Intransative*to barricade oneself、 to take refuge*こもる
埋もれる,Intransative*to be buried、 to be obscured*うずもれる
冷や,Noun*chilliness、 coldness*ひや
健やか,naAdj*healthy、 robust*すこやか
和やか,naAdj*gentle、 mild*なごやか
爽やか,naAdj*fresh、 refreshing*さわやか
穏やか,naAdj*calm、 peaceful*おだやか
緩やか,naAdj*gentle、 slow*ゆるやか
軽やか,naAdj*light、 nimble*かろやか
速やか,naAdj*prompt、 quick*すみやか
鮮やか,naAdj*vivid、 bright*あざやか
冷やかす,Transative*to tease、 to make fun of*ひやかす
甘やかす,naAdj*to spoil、 to pamper*あまやかす
肥やし,Noun*manure、 fertilizer*ひやし
冷やす,Transative*to cool （something） down、 to chill*ひやす
増やす,Transative*to increase、 to augment*ふやす
殖やす,Transative*to multiply、 to increase*ふやす
煮やす,Transative*to boil （something）*にやす
燃やす,Transative*to burn、 to set on fire*もやす
生やす,Transative*to grow、 to cultivate*なやす
癒やす,Transative*to heal、 to cure*いやす
絶やす,Transative*to extinguish、 to cut off*たやす
肥やす,Transative*to fertilize、 to enrich*ひやす
費やす,Transative*to spend、 to expend*つひやす
悔やむ,Transative*to regret、 to repent*くやむ
傍ら,Adverb*beside、 alongside*わきまわり
専ら,Adverb*solely、 entirely*ときどき
平ら,naAdj*flat、 level*たいら
淫ら,naAdj*obscene、 lewd*みだら
自ら,Adverb*oneself、 personally*みずから
計らう,Transative*to scheme、 to plan*はからう
語らう,Transative*to talk、 to converse*かたらう
逆らう,Intransative*to oppose、 to resist*さからう
食らう,Transative*to eat、 to receive （damage、 etc。）*くらう
捕らえる,Transative*to capture、 to seize*とらえる
明らか,naAdj*clear、 obvious*あきらか
朗らか,naAdj*cheerful、 bright*ほがらか
柔らか,naAdj*soft、 gentle*やわらか
滑らか,naAdj*smooth、 slippery*なめらか
軟らか,naAdj*soft、 tender*やわらか
柔らかい,iAdj*soft、 gentle*やわらかい
軟らかい,iAdj*soft、 tender*やわらかい
散らかす,Transative*to scatter、 to mess up*ちらかす
散らかる,Intransative*to be scattered、 to be in disorder*ちらかる
和らぐ,Intransative*to soften、 to calm down*やわらぐ
揺らぐ,Intransative*to sway、 to shake*ゆらぐ
薄らぐ,Intransative*to fade、 to become dim*うすらぐ
和らげる,Transative*to alleviate、 to ease*やわらげる
憎らしい,iAdj*hateful、 detestable*にくらしい
懲らしめる,Transative*to discipline、 to punish*こりましめる
凝らす,Transative*to concentrate、 to focus*こらす
反らす,Transative*to bend back、 to curve*そらす
垂らす,Transative*to hang down、 to let fall*たらす
慣らす,Transative*to accustom、 to habituate*ならす
懲らす,Transative*to discipline、 to punish*こらす
散らす,Transative*to scatter、 to disperse*ちらす
晴らす,Transative*to clear up、 to refresh*はらす
暮らす,Intransative*to live、 to reside*くらす
枯らす,Transative*to wither、 to kill （plants）*からす
減らす,Transative*to reduce、 to decrease*へらす
漏らす,Transative*to leak、 to let out*もらす
照らす,Transative*to shine、 to illuminate*てらす
紛らす,Transative*to divert、 to distract*まぎらす
縮らす,Transative*to shrink、 to contract*ちぢらす
腐らす,Transative*to rot、 to spoil*くさらす
腫らす,Transative*to swell、 to puff up*はらす
荒らす,Transative*to ravage、 to devastate*あらす
蒸らす,Transative*to steam、 to cook with steam*むらす
遅らす,Transative*to delay、 to postpone*おくらす
鳴らす,Transative*to make a sound、 to ring*ならす
明らむ,Intransative*to become clear、 to dawn*あきらむ
膨らむ,Transative*to expand、 to swell*ふくらむ
赤らむ,Intransative*to become red、 to blush*あからむ
赤らめる,Transative*to blush、 to make red*あからめる
汚らわしい,iAdj*dirty、 filthy*けがらわしい
紛らわしい,iAdj*confusing、 misleading*まぎらわしい
紛らわす,Transative*to confuse、 to mislead*まぎらわす
囚われる,Intransative*to be caught、 to be imprisoned*とらわれる
便り,Noun*news、 information*たより
周り,Noun*surroundings、 environment*まわり
守り,Noun*defense、 protection*まもり
狩り,Noun*hunting*かり
独り,Noun*alone、 solitary*ひとり
祭り,Noun*festival、 celebration*まつり
踊り,Noun*dance*おどり
辺り,Noun*vicinity、 neighborhood*あたり
香り,Noun*fragrance、 scent*かおり
下りる,Intransative*to go down、 to descend*おりる
借りる,Transative*to borrow、 to rent*かりる
懲りる,Intransative*to learn from、 to be cured of*くりる
降りる,Intransative*to get off、 to descend*おりる
上る,Intransative*to go up、 to climb*のぼる
下る,Intransative*to go down、 to descend*くだる
乗る,Intransative*to ride、 to board*のる
似る,Intransative*to resemble、 to be similar*にる
余る,Intransative*to be left over、 to remain*あまる
作る,Transative*to make、 to create*つくる
侮る,Transative*to scorn、 to disdain*あなどる
係る,Intransative*to be related to、 to be in charge of*かかる
偏る,Intransative*to be biased、 to lean toward*かたよる
偽る,Both*to deceive、 to lie*いつわる
光る,Intransative*to shine、 to glitter*ひかる
入る,Intransative*to exist、 to be included*はいる
入る,Intransative*to enter、 to go into*はいる
写る,Intransative*to be photographed、 to be reflected*うつる
凍る,Intransative*to freeze、 to be frozen*こおる
凝る,Intransative*to be stiff、 to be absorbed*こる
出る,Intransative*to come out、 to leave*でる
切る,Transative*to cut、 to slice*きる
刈る,Transative*to mow、 to reap*かる
刷る,Transative*to print、 to stamp*する
削る,Transative*to shave、 to cut off*けずる
割る,Transative*to divide、 to split*わる
劣る,Intransative*to be inferior、 to be worse*おとる
勝る,Intransative*to excel、 to surpass*まさる
募る,Both*to recruit、 to gather*つのる
去る,Intransative*to leave、 to depart*さる
参る,Intransative*to come、 to go （humble）*まいる
羨ましい,iAdj*envious、jealous*うらやましい
反る,Intransative*to warp、 to bend*そる
取る,Transative*to take、 to pick up*とる
嘲る,Transative*to ridicule、 to mock*あざける
回る,Intransative*to go around、 to revolve*めぐる
因る,Intransative*to be caused by、 to depend on*よる
図る,Transative*to plan、 to attempt*はかる
在る,Intransative*to be、 to exist*ある
執る,Transative*to take、 to seize*とる
塗る,Transative*to paint、 to coat*ぬる
売る,Transative*to sell*うる
太る,Intransative*to gain weight、 to grow fat*ふとる
奉る,Transative*to offer、 to present*たてまつる
契る,Both*to make a vow、 to pledge*ちぎる
守る,Transative*to protect、 to guard*まもる
実る,Intransative*to bear fruit、 to ripen*みのる
宿る,Intransative*to reside、 to dwell*やどる
寄る,Intransative*to come near、 to approach*よる
寝る,Intransative*to sleep、 to go to bed*ねる
射る,Transative*to shoot、 to fire*いる
居る,Intransative*to be、 to exist*いる
巡る,Intransative*to go around、 to circulate*めぐる
帰る,Intransative*to return、 to go home*かえる
干る,Intransative*to dry、 to be dried*ほす
座る,Intransative*to sit、 to seat oneself*すわる
廃る,Intransative*to abandon、 to discard*すたれる
弱る,Intransative*to weaken、 to become weak*よわる
張る,Both*to stretch、 to spread*はる
彩る,Transative*to color、 to decorate*いろどる
彫る,Transative*to carve、 to sculpt*ほる
得る,Transative*to gain、 to obtain*える
怒る,Both*to feel anger、 to be angry*おこる
怒る,Both*to get angry、 to be angry*おこる
怠る,Both*to neglect、 to be negligent*おこたる
悟る,Transative*to understand、 to comprehend*さとる
憤る,Intransative*to feel indignation、 to be resentful*いきどおる
成る,Intransative*to become、 to be*なる
戻る,Intransative*to return、 to go back*もどる
承る,Transative*to receive、 to accept （humble）*うけたまわる
折る,Transative*to fold、 to break*おる
振る,Transative*to shake、 to wave*ふる
捕る,Transative*to catch、 to seize*とる
掘る,Transative*to dig、 to excavate*ほる
採る,Transative*to pick、 to gather*とる
探る,Transative*to search、 to probe*さぐる
握る,Transative*to grasp、 to grip*にぎる
揺る,Transative*to shake、 to sway*ゆる
搾る,Transative*to squeeze、 to press*しぼる
撮る,Transative*to take （a photo）、 to shoot*とる
操る,Transative*to manipulate、 to operate*あやつる
擦る,Transative*to rub、 to wipe*こする
放る,Transative*to let go、 to release*ほうる
散る,Intransative*to scatter、 to disperse*ちる
斬る,Transative*to behead、 to cut down*きる
断る,Transative*to refuse、 to reject*ことわる
昇る,Intransative*to rise、 to ascend*のぼる
映る,Intransative*to be reflected、 to appear （in a film）*うつる
曇る,Intransative*to become cloudy、 to get overcast*くもる
有る,Intransative*to have、 to exist*ある
来る,Intransative*to come*くる
残る,Intransative*to remain、 to be left*のこる
殴る,Transative*to punch、 to strike*なぐる
治る,Intransative*to recover、 to be cured*なおる
浸る,Intransative*to be soaked、 to be immersed*ひたる
渋る,Both*to hesitate、 to be reluctant*しぶる
減る,intransitive*to decrease、 to diminish*へる
渡る,Intransative*to cross、 to traverse*わたる
湿る,Intransative*to become moist、 to be damp*しめる
滑る,Intransative*to slip、 to slide*すべる
滞る,Intransative*to stagnate、 to be delayed*とどこおる
滴る,Intransative*to drip、 to trickle*したたる
漏る,Intransative*to leak、 to escape*もれる
潜る,Intransative*to hide oneself、 to dive*もぐる
濁る,Intransative*to become muddy、 to get cloudy*にごる
焦る,Intransative*to be in a hurry、 to feel impatient*あせる
煙る,Intransative*to be smoky、 to be filled with smoke*けむる
照る,Intransative*to shine、 to be sunny*てる
煮る,Transative*to boil、 to cook*にる
狩る,Transative*to hunt、 to go hunting*かる
登る,Intransative*to climb、 to ascend*のぼる
盛る,Transative*to serve （food）、 to make （tea）*もる
直る,Intransative*to be fixed、 to be repaired*なおる
眠る,Intransative*to sleep*ねむる
着る,Transative*to wear、 to put on*きる
知る,Transative*to know、 to be aware of*しる
破る,Transative*to tear、 to break*やぶる
祈る,Transative*to pray、 to wish*いのる
祭る,Transative*to celebrate、 to worship*まつる
移る,Intransative*to move、 to transfer*うつる
競る,Transative*to compete、 to vie*せる
粘る,Intransative*to be sticky、 to be viscous*ねばる
細る,Intransative*to become thin、 to become slender*ほそる
経る,Intransative*to pass through、 to elapse*たつ
絞る,Transative*to squeeze、 to wring*しめる
練る,Transative*to knead、 to work dough*ねる
縛る,Transative*to tie up、 to bind*しばる
織る,Transative*to weave、 to knit*おる
繰る,Transative*to spin、 to reel in*くる
罵る,Transative*to scold、 to abuse verbally*ののしる
翻る,Intransative*to flutter、 to wave*ひるがえる
腐る,Intransative*to rot、 to decay*くさる
至る,Intransative*to reach、 to attain*いたる
興る,Intransative*to occur、 to happen*おこる
苦る,Intransative*to suffer、 to be in pain*にがる
茂る,Intransative*to grow thick、 to be overgrown*しげる
葬る,Transative*to bury、 to inter*ほうむる
薫る,Intransative*to smell、 to be fragrant*かおる
被る,Transative*to wear （on the head）、 to put on*かぶる
要る,Intransative*to need、 to require*いる
覆る,Transative*to be overturned、 to be reversed*くつがえる
見る,Transative*to see、 to look at*みる
触る,Intransative*to touch、 to feel*さわる
計る,Transative*to measure、 to weigh*はかる
診る,Transative*to examine、 to diagnose*みる
誇る,Transative*to boast、 to be proud of*ほこる
語る,Transative*to speak、 to talk about*かたる
誤る,Both*to make a mistake、 to err*あやまる
諮る,Transative*to consult、 to seek advice*はかる
謀る,Transative*to plot、 to conspire*はかる
謝る,Both*to apologize、 to express regret*あやまる
譲る,Transative*to yield、 to surrender*ゆずる
貪る,Transative*to covet、 to greedily desire*むさぼる
貼る,Both*to paste、 to stick*はる
賜る,Transative*to grant、 to bestow*たまわる
贈る,Transative*to give、 to present*おくる
走る,Intransative*to run、 to race*はしる
足る,Intransative*to be sufficient、 to be enough*たるい
踊る,Intransative*to dance*おどる
蹴る,Transative*to kick*ける
躍る,Intransative*to jump、 to leap*おどる
載る,Intransative*to be placed、 to be loaded*のる
返る,Intransative*to be returned、 to turn back*かえる
迫る,Both*to approach、 to draw near*せまる
送る,Transative*to send、 to dispatch*おくる
通る,Intransative*to pass、 to go through*とおる
造る,Transative*to make、 to manufacture*つくる
遡る,Intransative*to go upstream、 to trace back*さかのぼる
遮る,Transative*to interrupt、 to obstruct*さえぎる
配る,Transative*to distribute、 to assign*くばる
量る,Transative*to measure、 to weigh*はかる
釣る,Transative*to fish、 to catch fish*つる
鈍る,Intransative*to become dull、 to become blunt*にぶる
鋳る,Transative*to cast、 to mint*いる
降る,Intransative*to fall （rain、 snow）、 to descend*ふる
限る,Both*to limit、 to restrict*かぎる
陥る,Both*to fall into、 to cave in*おちいる
陰る,Intransative*to be clouded、 to become dim*かげる
障る,Intransative*to hinder、 to obstruct*さわる
隣る,Intransative*to be next to、 to border*となり
頼る,Both*to rely on、 to depend on*たよる
飾る,Transative*to decorate、 to adorn*かざる
香る,Intransative*to smell、 to be fragrant*かおる
駆る,Transative*to drive、 to urge on*かる
鳴る,Intransative*to ring、 to sound*なる
黙る,Intransative*to be silent、 to keep quiet*だまる
明るい,iAdj*bright、 cheerful*あかるい
振るう,Transative*to wield、 to swing*ふるう
揺るぐ,Intransative*to waver、 to shake*ゆるぐ
明るむ,Intransative*to brighten、 to clear up*あかるむ
哀れ,naAdj*pitiful、 pathetic*あわれ
群れ,Noun*group、 flock*むれ
誉れ,Noun*praise、 honor*ほまれ
哀れむ,Transative*to pity、 to sympathize with*あわれむ
乱れる,Intransative*to be in disorder、 to be disturbed*みだれる
倒れる,Intransative*to fall down、 to collapse*たおれる
優れる,Intransative*to excel、 to surpass*すぐれる
免れる,Ichidan*to escape、 to be exempted*まぬがれる
入れる,Transative*to put in、 to insert*いれる
切れる,Intransative*to be cut、 to snap*きれる
別れる,Intransative*to separate、 to part*わかれる
割れる,Intransative*to break、 to crack*われる
垂れる,Both*to hang down、 to droop*たれる
壊れる,Intransative*to be broken、 to break down*こわれる
売れる,Intransative*to be sold、 to sell*うれる
外れる,Intransative*to come off、 to be disconnected*はずれる
寂れる,Intransative*to become desolate、 to be neglected*さびれる
崩れる,Intransative*to collapse、 to crumble*くずれる
廃れる,Intransative*to decline、 to be discontinued*すたれる
忘れる,Transative*to forget、 to overlook*わすれる
恐れる,Transative*to fear、 to be afraid of*おそれる
慣れる,Intransative*to get used to、 to become accustomed to*なれる
憧れる,Intransative*to long for、 to yearn for*あこがれる
戯れる,Intransative*to play、 to frolic*たわむれる
折れる,Intransative*to break、 to be folded*おれる
振れる,Intransative*to swing、 to shake*ふれる
揺れる,Intransative*to sway、 to shake*ゆれる
擦れる,Intransative*to rub、 to chafe*すれる
放れる,Intransative*to be released、 to break free*はなれる
敗れる,Intransative*to be defeated、 to lose*やぶれる
晴れる,Intransative*to clear up、 to become fine*はれる
暮れる,Intransative*to get dark、 to come to an end*くれる
暴れる,Intransative*to run wild、 to rampage*あばれる
枯れる,Intransative*to wither、 to dry up*かれる
汚れる,Intransative*to get dirty、 to be stained*よごれる
流れる,Intransative*to flow、 to stream*ながれる
溺れる,Intransative*to drown、 to be drowned*おぼれる
漏れる,Intransative*to leak、 to escape*もれる
潰れる,Intransative*to be crushed、 to collapse*つぶれる
照れる,Intransative*to feel shy、 to be embarrassed*てれる
熟れる,Intransative*to ripen、 to mature*うれる
現れる,Intransative*to appear、 to show up*あらわれる
疲れる,Intransative*to get tired、 to become weary*つかれる
紛れる,Intransative*to get mixed up、 to be distracted*まぎれる
縮れる,Intransative*to shrink、 to curl*ちぢれる
群れる,Intransative*to form a group、 to gather*むれる
腐れる,Intransative*to rot、 to decay*くされる
腫れる,Intransative*to swell、 to be swollen*はれる
膨れる,Intransative*to swell、 to expand*ふくれる
荒れる,Intransative*to become rough、 to be in disorder*あれる
蒸れる,Intransative*to become humid、 to get steamy*むれる
薄れる,Intransative*to become dim、 to fade*うすれる
表れる,Intransative*to show、 to manifest*あらわれる
触れる,Intransative*to touch、 to come into contact with*ふれる
訪れる,Both*to visit、 to drop by*おとずれる
逃れる,Intransative*to escape、 to avoid*のがれる
連れる,Transative*to lead、 to take along*つれる
遅れる,Intransative*to be late、 to be delayed*おくれる
陥れる,Transative*to trap、 to ensnare*おとしいれる
隠れる,Intransative*to hide、 to conceal*かくれる
離れる,Intransative*to separate、 to leave*はなれる
後ろ,Noun*behind、 in the back*うしろ
懇ろ,naAdj*intimate、 sincere*ねんごろ
恐ろしい,iAdj*dreadful、 terrible*おそろしい
下ろす,Transative*to lower、 to bring down*おろす
降ろす,Transative*to unload、 to disembark*おろす
味わう,Transative*to taste、 to savor*あじわう
結わえる,Transative*to tie、 to bind*ゆわえる
交わす,Transative*to exchange、 to interchange*かわす
合わす,Transative*to fit、 to match*あわす
煩わす,Transative*to Bother、 to trouble*わずらわす
遣わす,Transative*to use、 to employ*つかわす
合わせる,Transative*to fit、 to adjust*あわせる
交わる,Intransative*to cross、 to intersect*まじわる
代わる,Intransative*to change、 to substitute*かわる
伝わる,Intransative*to be transmitted、 to be conveyed*つたわる
備わる,Intransative*to be equipped with、 to be provided*そなわる
加わる,Intransative*to be added、 to join*くわわる
変わる,Intransative*to change、 to transform*かわる
据わる,Intransative*to sit、 to be seated*すわる
換わる,Intransative*to be exchanged、 to be replaced*かわる
携わる,Intransative*to be involved in、 to participate in*たずさわる
教わる,Transative*to be taught、 to learn*おそわる
替わる,Intransative*to be replaced、 to be substituted*かわる
植わる,Intransative*to be planted、 to be sown*うわる
終わる,Intransative*to finish、 to end*おわる
関わる,Intransative*to be involved、 to be related*かかわる
盛ん,naAdj*vigorous、 flourishing*さかん
𠮟る,Transative*to get spoiled、 to become decayed*める
厚かましい,iAdj*impudent； shameless； brazen； cheeky； presumptuous*あつかましい
勇ましい,iAdj*brave； valiant； gallant； courageous； vigorous； rousing*いさましい
望ましい,iAdj*desirable； hoped for； preferable； advisable*のぞましい
好ましい,iAdj*nice； likeable； desirable*このましい
逞しい,iAdj*burly； strong； sturdy； strong willed*たくましい
目覚ましい,iAdj*remarkable； striking； brilliant*めざましい
生々しい,iAdj*vivid； fresh； raw； graphic； true to life； fresh*なまなましい
痛ましい,iAdj*pitiful； heartbreaking； touching； sad； truthful*いたましい
