'丈',	'1','1','both'
'与',	'1','1','both'
'丘',	'1','1','both'
'乏',	'1','1','both'
'亀',	'1','1','both'
'争',	'1','1','both'
'互',	'1','1','both'
'仏',	'1','1','both'
'他',	'1','1','both'
'仲',	'1','1','both'
'企',	'1','1','both'
'伺',	'1','1','both'
'似',	'1','1','both'
'位',	'1','1','both'
'併',	'1','1','both'
'使',	'1','1','both'
'例',	'1','1','both'
'侍',	'1','1','both'
'価',	'1','1','both'
'侮',	'1','1','both'
'侵',	'1','1','both'
'促',	'1','1','both'
'保',	'1','1','both'
'俵',	'1','1','both'
'倉',	'1','1','both'
'候',	'1','1','both'
'借',	'1','1','both'
'倣',	'1','1','both'
'偉',	'1','1','both'
'偏',	'1','1','both'
'健',	'1','1','both'
'側',	'1','1','both'
'傍',	'1','1','both'
'傘',	'1','1','both'
'催',	'1','1','both'
'働',	'1','1','both'
'償',	'1','1','both'
'充',	'1','1','both'
'先',	'1','1','both'
'免',	'1','1','both'
'公',	'1','1','both'
'共',	'1','1','both'
'兼',	'1','1','both'
'円',	'1','1','both'
'冒',	'1','1','both'
'冠',	'1','1','both'
'冬',	'1','1','both'
'刀',	'1','1','both'
'刃',	'1','1','both'
'別',	'1','1','both'
'利',	'1','1','both'
'刷',	'1','1','both'
'刻',	'1','1','both'
'削',	'1','1','both'
'前',	'1','1','both'
'剣',	'1','1','both'
'創',	'1','1','both'
'劣',	'1','1','both'
'努',	'1','1','both'
'効',	'1','1','both'
'勇',	'1','1','both'
'募',	'1','1','both'
'勢',	'1','1','both'
'勧',	'1','1','both'
'包',	'1','1','both'
'北',	'1','1','both'
'匹',	'1','1','both'
'千',	'1','1','both'
'升',	'1','1','both'
'半',	'1','1','both'
'印',	'1','1','both'
'卵',	'1','1','both'
'厚',	'1','1','both'
'原',	'1','1','both'
'参',	'1','1','both'
'友',	'1','1','both'
'双',	'1','1','both'
'取',	'1','1','both'
'叫',	'1','1','both'
'召',	'1','1','both'
'各',	'1','1','both'
'同',	'1','1','both'
'吐',	'1','1','both'
'君',	'1','1','both'
'否',	'1','1','both'
'吸',	'1','1','both'
'吹',	'1','1','both'
'告',	'1','1','both'
'周',	'1','1','both'
'呼',	'1','1','both'
'品',	'1','1','both'
'唆',	'1','1','both'
'唇',	'1','1','both'
'唐',	'1','1','both'
'唱',	'1','1','both'
'商',	'1','1','both'
'善',	'1','1','both'
'喜',	'1','1','both'
'喪',	'1','1','both'
'営',	'1','1','both'
'器',	'1','1','both'
'噴',	'1','1','both'
'因',	'1','1','both'
'困',	'1','1','both'
'国',	'1','1','both'
'園',	'1','1','both'
'在',	'1','1','both'
'坂',	'1','1','both'
'型',	'1','1','both'
'城',	'1','1','both'
'培',	'1','1','both'
'堅',	'1','1','both'
'堤',	'1','1','both'
'堪',	'1','1','both'
'報',	'1','1','both'
'場',	'1','1','both'
'塊',	'1','1','both'
'塗',	'1','1','both'
'塩',	'1','1','both'
'墓',	'1','1','both'
'墨',	'1','1','both'
'壁',	'1','1','both'
'夕',	'1','1','both'
'多',	'1','1','both'
'夢',	'1','1','both'
'失',	'1','1','both'
'奏',	'1','1','both'
'契',	'1','1','both'
'奥',	'1','1','both'
'奪',	'1','1','both'
'奮',	'1','1','both'
'妨',	'1','1','both'
'妹',	'1','1','both'
'妻',	'1','1','both'
'姉',	'1','1','both'
'委',	'1','1','both'
'姿',	'1','1','both'
'婿',	'1','1','both'
'字',	'1','1','both'
'学',	'1','1','both'
'孫',	'1','1','both'
'安',	'1','1','both'
'宝',	'1','1','both'
'室',	'1','1','both'
'宵',	'1','1','both'
'寒',	'1','1','both'
'寺',	'1','1','both'
'寿',	'1','1','both'
'専',	'1','1','both'
'射',	'1','1','both'
'尋',	'1','1','both'
'導',	'1','1','both'
'尼',	'1','1','both'
'尾',	'1','1','both'
'居',	'1','1','both'
'屋',	'1','1','both'
'履',	'1','1','both'
'山',	'1','1','both'
'岩',	'1','1','both'
'岳',	'1','1','both'
'岸',	'1','1','both'
'峰',	'1','1','both'
'島',	'1','1','both'
'川',	'1','1','both'
'州',	'1','1','both'
'巡',	'1','1','both'
'巣',	'1','1','both'
'左',	'1','1','both'
'巧',	'1','1','both'
'差',	'1','1','both'
'市',	'1','1','both'
'布',	'1','1','both'
'帆',	'1','1','both'
'幅',	'1','1','both'
'年',	'1','1','both'
'幹',	'1','1','both'
'幻',	'1','1','both'
'幼',	'1','1','both'
'幾',	'1','1','both'
'底',	'1','1','both'
'店',	'1','1','both'
'座',	'1','1','both'
'庭',	'1','1','both'
'弁',	'1','1','both'
'弓',	'1','1','both'
'弔',	'1','1','both'
'弦',	'1','1','both'
'張',	'1','1','both'
'彩',	'1','1','both'
'彫',	'1','1','both'
'影',	'1','1','both'
'待',	'1','1','both'
'心',	'1','1','both'
'必',	'1','1','both'
'忘',	'1','1','both'
'忙',	'1','1','both'
'応',	'1','1','both'
'快',	'1','1','both'
'怖',	'1','1','both'
'思',	'1','1','both'
'急',	'1','1','both'
'恭',	'1','1','both'
'息',	'1','1','both'
'悟',	'1','1','both'
'患',	'1','1','both'
'悼',	'1','1','both'
'惑',	'1','1','both'
'愚',	'1','1','both'
'慈',	'1','1','both'
'慎',	'1','1','both'
'慕',	'1','1','both'
'憤',	'1','1','both'
'懇',	'1','1','both'
'戒',	'1','1','both'
'戯',	'1','1','both'
'戸',	'1','1','both'
'房',	'1','1','both'
'所',	'1','1','both'
'扇',	'1','1','both'
'扉',	'1','1','both'
'打',	'1','1','both'
'払',	'1','1','both'
'承',	'1','1','both'
'技',	'1','1','both'
'抑',	'1','1','both'
'投',	'1','1','both'
'拒',	'1','1','both'
'拙',	'1','1','both'
'招',	'1','1','both'
'拝',	'1','1','both'
'持',	'1','1','both'
'挑',	'1','1','both'
'挿',	'1','1','both'
'捜',	'1','1','both'
'捨',	'1','1','both'
'掃',	'1','1','both'
'掘',	'1','1','both'
'採',	'1','1','both'
'接',	'1','1','both'
'控',	'1','1','both'
'推',	'1','1','both'
'掲',	'1','1','both'
'提',	'1','1','both'
'握',	'1','1','both'
'搾',	'1','1','both'
'摘',	'1','1','both'
'撃',	'1','1','both'
'撮',	'1','1','both'
'支',	'1','1','both'
'攻',	'1','1','both'
'故',	'1','1','both'
'救',	'1','1','both'
'敗',	'1','1','both'
'敬',	'1','1','both'
'敵',	'1','1','both'
'敷',	'1','1','both'
'斜',	'1','1','both'
'方',	'1','1','both'
'旅',	'1','1','both'
'旗',	'1','1','both'
'既',	'1','1','both'
'旨',	'1','1','both'
'昇',	'1','1','both'
'春',	'1','1','both'
'昼',	'1','1','both'
'時',	'1','1','both'
'暁',	'1','1','both'
'暇',	'1','1','both'
'暑',	'1','1','both'
'暗',	'1','1','both'
'暦',	'1','1','both'
'曇',	'1','1','both'
'書',	'1','1','both'
'最',	'1','1','both'
'朗',	'1','1','both'
'朝',	'1','1','both'
'本',	'1','1','both'
'札',	'1','1','both'
'机',	'1','1','both'
'朽',	'1','1','both'
'村',	'1','1','both'
'束',	'1','1','both'
'杯',	'1','1','both'
'東',	'1','1','both'
'松',	'1','1','both'
'林',	'1','1','both'
'枝',	'1','1','both'
'柱',	'1','1','both'
'柳',	'1','1','both'
'根',	'1','1','both'
'桃',	'1','1','both'
'桑',	'1','1','both'
'桜',	'1','1','both'
'梅',	'1','1','both'
'森',	'1','1','both'
'様',	'1','1','both'
'横',	'1','1','both'
'橋',	'1','1','both'
'機',	'1','1','both'
'欺',	'1','1','both'
'歯',	'1','1','both'
'死',	'1','1','both'
'殊',	'1','1','both'
'殴',	'1','1','both'
'殻',	'1','1','both'
'母',	'1','1','both'
'比',	'1','1','both'
'毛',	'1','1','both'
'氏',	'1','1','both'
'民',	'1','1','both'
'水',	'1','1','both'
'永',	'1','1','both'
'汁',	'1','1','both'
'求',	'1','1','both'
'汗',	'1','1','both'
'江',	'1','1','both'
'池',	'1','1','both'
'沖',	'1','1','both'
'沢',	'1','1','both'
'河',	'1','1','both'
'油',	'1','1','both'
'沼',	'1','1','both'
'沿',	'1','1','both'
'泉',	'1','1','both'
'泡',	'1','1','both'
'波',	'1','1','both'
'泣',	'1','1','both'
'泥',	'1','1','both'
'注',	'1','1','both'
'泳',	'1','1','both'
'洗',	'1','1','both'
'洞',	'1','1','both'
'津',	'1','1','both'
'浅',	'1','1','both'
'浜',	'1','1','both'
'海',	'1','1','both'
'涙',	'1','1','both'
'淡',	'1','1','both'
'渇',	'1','1','both'
'渦',	'1','1','both'
'測',	'1','1','both'
'港',	'1','1','both'
'湖',	'1','1','both'
'湯',	'1','1','both'
'源',	'1','1','both'
'溝',	'1','1','both'
'滞',	'1','1','both'
'漂',	'1','1','both'
'漆',	'1','1','both'
'潔',	'1','1','both'
'潮',	'1','1','both'
'激',	'1','1','both'
'濃',	'1','1','both'
'灯',	'1','1','both'
'灰',	'1','1','both'
'災',	'1','1','both'
'炊',	'1','1','both'
'炎',	'1','1','both'
'炭',	'1','1','both'
'熟',	'1','1','both'
'熱',	'1','1','both'
'父',	'1','1','both'
'片',	'1','1','both'
'牛',	'1','1','both'
'牧',	'1','1','both'
'犬',	'1','1','both'
'犯',	'1','1','both'
'独',	'1','1','both'
'猫',	'1','1','both'
'猿',	'1','1','both'
'獣',	'1','1','both'
'獲',	'1','1','both'
'玉',	'1','1','both'
'珍',	'1','1','both'
'球',	'1','1','both'
'琴',	'1','1','both'
'瓦',	'1','1','both'
'用',	'1','1','both'
'田',	'1','1','both'
'申',	'1','1','both'
'町',	'1','1','both'
'異',	'1','1','both'
'疑',	'1','1','both'
'疲',	'1','1','both'
'癖',	'1','1','both'
'的',	'1','1','both'
'皆',	'1','1','both'
'皮',	'1','1','both'
'盗',	'1','1','both'
'盾',	'1','1','both'
'真',	'1','1','both'
'眺',	'1','1','both'
'瞬',	'1','1','both'
'瞳',	'1','1','both'
'矛',	'1','1','both'
'矢',	'1','1','both'
'知',	'1','1','both'
'短',	'1','1','both'
'矯',	'1','1','both'
'研',	'1','1','both'
'硬',	'1','1','both'
'磨',	'1','1','both'
'礎',	'1','1','both'
'社',	'1','1','both'
'祈',	'1','1','both'
'秀',	'1','1','both'
'秋',	'1','1','both'
'秘',	'1','1','both'
'程',	'1','1','both'
'種',	'1','1','both'
'稼',	'1','1','both'
'穂',	'1','1','both'
'穏',	'1','1','both'
'穴',	'1','1','both'
'究',	'1','1','both'
'突',	'1','1','both'
'窓',	'1','1','both'
'窯',	'1','1','both'
'竜',	'1','1','both'
'童',	'1','1','both'
'竹',	'1','1','both'
'笛',	'1','1','both'
'筆',	'1','1','both'
'等',	'1','1','both'
'筋',	'1','1','both'
'筒',	'1','1','both'
'管',	'1','1','both'
'築',	'1','1','both'
'粋',	'1','1','both'
'粒',	'1','1','both'
'粗',	'1','1','both'
'粘',	'1','1','both'
'糸',	'1','1','both'
'紙',	'1','1','both'
'紡',	'1','1','both'
'紫',	'1','1','both'
'統',	'1','1','both'
'絹',	'1','1','both'
'継',	'1','1','both'
'綱',	'1','1','both'
'網',	'1','1','both'
'綿',	'1','1','both'
'編',	'1','1','both'
'練',	'1','1','both'
'縁',	'1','1','both'
'縄',	'1','1','both'
'縛',	'1','1','both'
'縦',	'1','1','both'
'縫',	'1','1','both'
'繕',	'1','1','both'
'繭',	'1','1','both'
'罪',	'1','1','both'
'置',	'1','1','both'
'羊',	'1','1','both'
'美',	'1','1','both'
'習',	'1','1','both'
'翼',	'1','1','both'
'考',	'1','1','both'
'者',	'1','1','both'
'耐',	'1','1','both'
'耕',	'1','1','both'
'耳',	'1','1','both'
'聴',	'1','1','both'
'肝',	'1','1','both'
'肩',	'1','1','both'
'脂',	'1','1','both'
'腕',	'1','1','both'
'腰',	'1','1','both'
'腹',	'1','1','both'
'臨',	'1','1','both'
'至',	'1','1','both'
'致',	'1','1','both'
'舌',	'1','1','both'
'良',	'1','1','both'
'艶',	'1','1','both'
'花',	'1','1','both'
'芳',	'1','1','both'
'芽',	'1','1','both'
'茂',	'1','1','both'
'茎',	'1','1','both'
'草',	'1','1','both'
'荷',	'1','1','both'
'菜',	'1','1','both'
'葉',	'1','1','both'
'葬',	'1','1','both'
'蓄',	'1','1','both'
'蔵',	'1','1','both'
'薦',	'1','1','both'
'薪',	'1','1','both'
'薫',	'1','1','both'
'薬',	'1','1','both'
'藤',	'1','1','both'
'藻',	'1','1','both'
'虎',	'1','1','both'
'虐',	'1','1','both'
'虫',	'1','1','both'
'蚕',	'1','1','both'
'蛍',	'1','1','both'
'血',	'1','1','both'
'衣',	'1','1','both'
'衰',	'1','1','both'
'袋',	'1','1','both'
'袖',	'1','1','both'
'被',	'1','1','both'
'裏',	'1','1','both'
'補',	'1','1','both'
'裸',	'1','1','both'
'褒',	'1','1','both'
'襟',	'1','1','both'
'襲',	'1','1','both'
'討',	'1','1','both'
'記',	'1','1','both'
'設',	'1','1','both'
'許',	'1','1','both'
'訳',	'1','1','both'
'訴',	'1','1','both'
'診',	'1','1','both'
'詔',	'1','1','both'
'詠',	'1','1','both'
'詳',	'1','1','both'
'誇',	'1','1','both'
'誉',	'1','1','both'
'認',	'1','1','both'
'誓',	'1','1','both'
'誘',	'1','1','both'
'誠',	'1','1','both'
'誤',	'1','1','both'
'諭',	'1','1','both'
'諮',	'1','1','both'
'謝',	'1','1','both'
'謹',	'1','1','both'
'譲',	'1','1','both'
'谷',	'1','1','both'
'豊',	'1','1','both'
'豚',	'1','1','both'
'貫',	'1','1','both'
'責',	'1','1','both'
'買',	'1','1','both'
'貸',	'1','1','both'
'賄',	'1','1','both'
'賜',	'1','1','both'
'賢',	'1','1','both'
'賭',	'1','1','both'
'走',	'1','1','both'
'赴',	'1','1','both'
'趣',	'1','1','both'
'跡',	'1','1','both'
'路',	'1','1','both'
'躍',	'1','1','both'
'身',	'1','1','both'
'車',	'1','1','both'
'軒',	'1','1','both'
'輝',	'1','1','both'
'輪',	'1','1','both'
'辛',	'1','1','both'
'辞',	'1','1','both'
'辱',	'1','1','both'
'迎',	'1','1','both'
'近',	'1','1','both'
'迫',	'1','1','both'
'述',	'1','1','both'
'迷',	'1','1','both'
'追',	'1','1','both'
'送',	'1','1','both'
'造',	'1','1','both'
'遂',	'1','1','both'
'運',	'1','1','both'
'遭',	'1','1','both'
'遮',	'1','1','both'
'選',	'1','1','both'
'避',	'1','1','both'
'酌',	'1','1','both'
'配',	'1','1','both'
'酔',	'1','1','both'
'酢',	'1','1','both'
'酸',	'1','1','both'
'醜',	'1','1','both'
'醸',	'1','1','both'
'里',	'1','1','both'
'野',	'1','1','both'
'量',	'1','1','both'
'針',	'1','1','both'
'釣',	'1','1','both'
'鉛',	'1','1','both'
'銭',	'1','1','both'
'鋭',	'1','1','both'
'鋳',	'1','1','both'
'鋼',	'1','1','both'
'錦',	'1','1','both'
'鍛',	'1','1','both'
'鎖',	'1','1','both'
'鏡',	'1','1','both'
'鐘',	'1','1','both'
'鑑',	'1','1','both'
'長',	'1','1','both'
'門',	'1','1','both'
'闘',	'1','1','both'
'防',	'1','1','both'
'阻',	'1','1','both'
'限',	'1','1','both'
'陵',	'1','1','both'
'険',	'1','1','both'
'隅',	'1','1','both'
'際',	'1','1','both'
'障',	'1','1','both'
'雇',	'1','1','both'
'雪',	'1','1','both'
'雲',	'1','1','both'
'雷',	'1','1','both'
'霜',	'1','1','both'
'霧',	'1','1','both'
'革',	'1','1','both'
'靴',	'1','1','both'
'響',	'1','1','both'
'額',	'1','1','both'
'顔',	'1','1','both'
'願',	'1','1','both'
'類',	'1','1','both'
'顧',	'1','1','both'
'飢',	'1','1','both'
'飯',	'1','1','both'
'飲',	'1','1','both'
'飼',	'1','1','both'
'飾',	'1','1','both'
'養',	'1','1','both'
'館',	'1','1','both'
'首',	'1','1','both'
'騒',	'1','1','both'
'骨',	'1','1','both'
'髪',	'1','1','both'
'鬼',	'1','1','both'
'魂',	'1','1','both'
'鮮',	'1','1','both'
'鯨',	'1','1','both'
'鳥',	'1','1','both'
'鶏',	'1','1','both'
'麗',	'1','1','both'
'麦',	'1','1','both'
'麻',	'1','1','both'
'黙',	'1','1','both'
'鼓',	'1','1','both'
'鼻',	'1','1','both'
'世',	'2','1','both'
'中',	'2','1','both'
'久',	'2','1','both'
'事',	'2','1','both'
'井',	'2','1','both'
'亡',	'2','1','both'
'人',	'2','1','both'
'今',	'2','1','both'
'仕',	'2','1','both'
'仮',	'2','1','both'
'会',	'2','1','both'
'伴',	'2','1','both'
'体',	'2','1','both'
'作',	'2','1','both'
'便',	'2','1','both'
'元',	'2','1','both'
'兄',	'2','1','both'
'内',	'2','1','both'
'再',	'2','1','both'
'力',	'2','1','both'
'南',	'2','1','both'
'去',	'2','1','both'
'口',	'2','1','both'
'右',	'2','1','both'
'名',	'2','1','both'
'命',	'2','1','both'
'図',	'2','1','both'
'土',	'2','1','both'
'執',	'2','1','both'
'境',	'2','1','both'
'夏',	'2','1','both'
'奉',	'2','1','both'
'子',	'2','1','both'
'己',	'2','1','both'
'度',	'2','1','both'
'弟',	'2','1','both'
'御',	'2','1','both'
'恵',	'2','1','both'
'悪',	'2','1','both'
'情',	'2','1','both'
'惨',	'2','1','both'
'拾',	'2','1','both'
'政',	'2','1','both'
'文',	'2','1','both'
'施',	'2','1','both'
'易',	'2','1','both'
'昔',	'2','1','both'
'星',	'2','1','both'
'月',	'2','1','both'
'有',	'2','1','both'
'望',	'2','1','both'
'末',	'2','1','both'
'板',	'2','1','both'
'業',	'2','1','both'
'無',	'2','1','both'
'牙',	'2','1','both'
'物',	'2','1','both'
'率',	'2','1','both'
'男',	'2','1','both'
'登',	'2','1','both'
'相',	'2','1','both'
'眼',	'2','1','both'
'石',	'2','1','both'
'砂',	'2','1','both'
'示',	'2','1','both'
'祝',	'2','1','both'
'節',	'2','1','both'
'米',	'2','1','both'
'糧',	'2','1','both'
'経',	'2','1','both'
'緑',	'2','1','both'
'緒',	'2','1','both'
'織',	'2','1','both'
'脚',	'2','1','both'
'自',	'2','1','both'
'色',	'2','1','both'
'華',	'2','1','both'
'蛇',	'2','1','both'
'街',	'2','1','both'
'装',	'2','1','both'
'西',	'2','1','both'
'説',	'2','1','both'
'謀',	'2','1','both'
'豆',	'2','1','both'
'貢',	'2','1','both'
'貧',	'2','1','both'
'贈',	'2','1','both'
'遊',	'2','1','both'
'道',	'2','1','both'
'遠',	'2','1','both'
'都',	'2','1','both'
'鈴',	'2','1','both'
'除',	'2','1','both'
'霊',	'2','1','both'
'露',	'2','1','both'
'宮',	'4','1','both'
'殺',	'4','1','both'
'由',	'4','1','both'
'読',	'4','1','both'
'乗',	'1','2','both'
'乱',	'1','2','both'
'乳',	'1','2','both'
'乾',	'1','2','both'
'二',	'1','2','both'
'五',	'1','2','both'
'付',	'1','2','both'
'任',	'1','2','both'
'伏',	'1','2','both'
'住',	'1','2','both'
'何',	'1','2','both'
'余',	'1','2','both'
'係',	'1','2','both'
'倒',	'1','2','both'
'値',	'1','2','both'
'偽',	'1','2','both'
'備',	'1','2','both'
'傾',	'1','2','both'
'優',	'1','2','both'
'兆',	'1','2','both'
'光',	'1','2','both'
'全',	'1','2','both'
'写',	'1','2','both'
'凍',	'1','2','both'
'凝',	'1','2','both'
'刺',	'1','2','both'
'加',	'1','2','both'
'励',	'1','2','both'
'動',	'1','2','both'
'務',	'1','2','both'
'勝',	'1','2','both'
'占',	'1','2','both'
'収',	'1','2','both'
'受',	'1','2','both'
'古',	'1','2','both'
'含',	'1','2','both'
'味',	'1','2','both'
'哀',	'1','2','both'
'嘆',	'1','2','both'
'囲',	'1','2','both'
'垂',	'1','2','both'
'基',	'1','2','both'
'壊',	'1','2','both'
'売',	'1','2','both'
'変',	'1','2','both'
'夜',	'1','2','both'
'天',	'1','2','both'
'好',	'1','2','both'
'始',	'1','2','both'
'嫁',	'1','2','both'
'実',	'1','2','both'
'寄',	'1','2','both'
'寝',	'1','2','both'
'少',	'1','2','both'
'崩',	'1','2','both'
'巻',	'1','2','both'
'帯',	'1','2','both'
'帰',	'1','2','both'
'常',	'1','2','both'
'干',	'1','2','both'
'床',	'1','2','both'
'廃',	'1','2','both'
'引',	'1','2','both'
'当',	'1','2','both'
'彼',	'1','2','both'
'得',	'1','2','both'
'忌',	'1','2','both'
'忍',	'1','2','both'
'志',	'1','2','both'
'怒',	'1','2','both'
'怠',	'1','2','both'
'怪',	'1','2','both'
'恐',	'1','2','both'
'恨',	'1','2','both'
'悩',	'1','2','both'
'悲',	'1','2','both'
'惜',	'1','2','both'
'愁',	'1','2','both'
'慌',	'1','2','both'
'慣',	'1','2','both'
'慰',	'1','2','both'
'憩',	'1','2','both'
'我',	'1','2','both'
'戦',	'1','2','both'
'戻',	'1','2','both'
'手',	'1','2','both'
'押',	'1','2','both'
'担',	'1','2','both'
'指',	'1','2','both'
'挙',	'1','2','both'
'挟',	'1','2','both'
'授',	'1','2','both'
'探',	'1','2','both'
'描',	'1','2','both'
'揚',	'1','2','both'
'換',	'1','2','both'
'損',	'1','2','both'
'携',	'1','2','both'
'操',	'1','2','both'
'擦',	'1','2','both'
'改',	'1','2','both'
'教',	'1','2','both'
'整',	'1','2','both'
'断',	'1','2','both'
'晴',	'1','2','both'
'暮',	'1','2','both'
'曲',	'1','2','both'
'替',	'1','2','both'
'枯',	'1','2','both'
'架',	'1','2','both'
'柄',	'1','2','both'
'棟',	'1','2','both'
'植',	'1','2','both'
'構',	'1','2','both'
'欠',	'1','2','both'
'欲',	'1','2','both'
'歌',	'1','2','both'
'止',	'1','2','both'
'残',	'1','2','both'
'殖',	'1','2','both'
'氷',	'1','2','both'
'決',	'1','2','both'
'沈',	'1','2','both'
'沸',	'1','2','both'
'泊',	'1','2','both'
'浴',	'1','2','both'
'浸',	'1','2','both'
'消',	'1','2','both'
'涼',	'1','2','both'
'添',	'1','2','both'
'済',	'1','2','both'
'減',	'1','2','both'
'渡',	'1','2','both'
'湿',	'1','2','both'
'満',	'1','2','both'
'滅',	'1','2','both'
'滴',	'1','2','both'
'潜',	'1','2','both'
'澄',	'1','2','both'
'濁',	'1','2','both'
'火',	'1','2','both'
'焼',	'1','2','both'
'狂',	'1','2','both'
'狩',	'1','2','both'
'現',	'1','2','both'
'甚',	'1','2','both'
'畳',	'1','2','both'
'疎',	'1','2','both'
'癒',	'1','2','both'
'眠',	'1','2','both'
'砕',	'1','2','both'
'破',	'1','2','both'
'確',	'1','2','both'
'祭',	'1','2','both'
'私',	'1','2','both'
'移',	'1','2','both'
'稲',	'1','2','both'
'積',	'1','2','both'
'窮',	'1','2','both'
'笑',	'1','2','both'
'答',	'1','2','both'
'粉',	'1','2','both'
'終',	'1','2','both'
'組',	'1','2','both'
'続',	'1','2','both'
'締',	'1','2','both'
'羨',	'1','2','both'
'羽',	'1','2','both'
'翻',	'1','2','both'
'老',	'1','2','both'
'胸',	'1','2','both'
'脱',	'1','2','both'
'膨',	'1','2','both'
'臭',	'1','2','both'
'舞',	'1','2','both'
'舟',	'1','2','both'
'船',	'1','2','both'
'苗',	'1','2','both'
'落',	'1','2','both'
'著',	'1','2','both'
'裁',	'1','2','both'
'裂',	'1','2','both'
'要',	'1','2','both'
'角',	'1','2','both'
'触',	'1','2','both'
'計',	'1','2','both'
'訪',	'1','2','both'
'試',	'1','2','both'
'話',	'1','2','both'
'語',	'1','2','both'
'謡',	'1','2','both'
'費',	'1','2','both'
'超',	'1','2','both'
'越',	'1','2','both'
'跳',	'1','2','both'
'踊',	'1','2','both'
'踏',	'1','2','both'
'軟',	'1','2','both'
'軽',	'1','2','both'
'載',	'1','2','both'
'辺',	'1','2','both'
'返',	'1','2','both'
'退',	'1','2','both'
'逆',	'1','2','both'
'逝',	'1','2','both'
'進',	'1','2','both'
'違',	'1','2','both'
'遣',	'1','2','both'
'酒',	'1','2','both'
'鈍',	'1','2','both'
'鎮',	'1','2','both'
'関',	'1','2','both'
'陥',	'1','2','both'
'陰',	'1','2','both'
'隔',	'1','2','both'
'隠',	'1','2','both'
'隣',	'1','2','both'
'雄',	'1','2','both'
'雌',	'1','2','both'
'離',	'1','2','both'
'難',	'1','2','both'
'雨',	'1','2','both'
'震',	'1','2','both'
'頂',	'1','2','both'
'預',	'1','2','both'
'飛',	'1','2','both'
'飽',	'1','2','both'
'馬',	'1','2','both'
'駆',	'1','2','both'
'驚',	'1','2','both'
'魚',	'1','2','both'
'黒',	'1','2','both'
'一',	'2','2','both'
'主',	'2','2','both'
'九',	'2','2','both'
'仰',	'2','2','both'
'供',	'2','2','both'
'修',	'2','2','both'
'出',	'2','2','both'
'切',	'2','2','both'
'勤',	'2','2','both'
'化',	'2','2','both'
'十',	'2','2','both'
'厳',	'2','2','both'
'吾',	'2','2','both'
'回',	'2','2','both'
'声',	'2','2','both'
'太',	'2','2','both'
'夫',	'2','2','both'
'嫌',	'2','2','both'
'守',	'2','2','both'
'家',	'2','2','both'
'富',	'2','2','both'
'就',	'2','2','both'
'平',	'2','2','both'
'建',	'2','2','both'
'形',	'2','2','both'
'懸',	'2','2','both'
'成',	'2','2','both'
'数',	'2','2','both'
'日',	'2','2','both'
'暴',	'2','2','both'
'木',	'2','2','both'
'柔',	'2','2','both'
'楽',	'2','2','both'
'次',	'2','2','both'
'殿',	'2','2','both'
'流',	'2','2','both'
'滑',	'2','2','both'
'煩',	'2','2','both'
'留',	'2','2','both'
'病',	'2','2','both'
'目',	'2','2','both'
'省',	'2','2','both'
'立',	'2','2','both'
'競',	'2','2','both'
'紅',	'2','2','both'
'聞',	'2','2','both'
'興',	'2','2','both'
'若',	'2','2','both'
'言',	'2','2','both'
'請',	'2','2','both'
'金',	'2','2','both'
'間',	'2','2','both'
'青',	'2','2','both'
'音',	'2','2','both'
'風',	'2','2','both'
'黄',	'2','2','both'
'反',	'4','2','both'
'女',	'4','2','both'
'従',	'4','2','both'
'歩',	'4','2','both'
'納',	'4','2','both'
'頭',	'4','2','both'
'七',	'1','3','both'
'三',	'1','3','both'
'丸',	'1','3','both'
'休',	'1','3','both'
'伝',	'1','3','both'
'伸',	'1','3','both'
'低',	'1','3','both'
'傷',	'1','3','both'
'入',	'1','3','both'
'助',	'1','3','both'
'卑',	'1','3','both'
'危',	'1','3','both'
'及',	'1','3','both'
'問',	'1','3','both'
'固',	'1','3','both'
'埋',	'1','3','both'
'増',	'1','3','both'
'宿',	'1','3','both'
'小',	'1','3','both'
'尽',	'1','3','both'
'幸',	'1','3','both'
'延',	'1','3','both'
'弾',	'1','3','both'
'恋',	'1','3','both'
'悔',	'1','3','both'
'憂',	'1','3','both'
'懲',	'1','3','both'
'折',	'1','3','both'
'抱',	'1','3','both'
'振',	'1','3','both'
'新',	'1','3','both'
'映',	'1','3','both'
'更',	'1','3','both'
'来',	'1','3','both'
'果',	'1','3','both'
'栄',	'1','3','both'
'深',	'1','3','both'
'渋',	'1','3','both'
'溶',	'1','3','both'
'漏',	'1','3','both'
'潤',	'1','3','both'
'煙',	'1','3','both'
'照',	'1','3','both'
'煮',	'1','3','both'
'燃',	'1','3','both'
'狭',	'1','3','both'
'甘',	'1','3','both'
'産',	'1','3','both'
'痛',	'1','3','both'
'端',	'1','3','both'
'結',	'1','3','both'
'絞',	'1','3','both'
'絡',	'1','3','both'
'絶',	'1','3','both'
'群',	'1','3','both'
'育',	'1','3','both'
'脅',	'1','3','both'
'腐',	'1','3','both'
'荒',	'1','3','both'
'蒸',	'1','3','both'
'表',	'1','3','both'
'覆',	'1','3','both'
'見',	'1','3','both'
'覚',	'1','3','both'
'親',	'1','3','both'
'詰',	'1','3','both'
'調',	'1','3','both'
'負',	'1','3','both'
'起',	'1','3','both'
'透',	'1','3','both'
'連',	'1','3','both'
'遅',	'1','3','both'
'降',	'1','3','both'
'集',	'1','3','both'
'面',	'1','3','both'
'頼',	'1','3','both'
'鳴',	'1','3','both'
'大',	'2','3','both'
'定',	'2','3','both'
'寂',	'2','3','both'
'早',	'2','3','both'
'極',	'2','3','both'
'正',	'2','3','both'
'清',	'2','3','both'
'白',	'2','3','both'
'盛',	'2','3','both'
'直',	'2','3','both'
'神',	'2','3','both'
'解',	'2','3','both'
'通',	'2','3','both'
'食',	'2','3','both'
'香',	'2','3','both'
'合',	'4','3','both'
'行',	'4','3','both'
'並',	'1','4','both'
'八',	'1','4','both'
'六',	'1','4','both'
'割',	'1','4','both'
'向',	'1','4','both'
'四',	'1','4','both'
'尊',	'1','4','both'
'弱',	'1','4','both'
'恥',	'1','4','both'
'憎',	'1','4','both'
'抜',	'1','4','both'
'放',	'1','4','both'
'散',	'1','4','both'
'暖',	'1','4','both'
'染',	'1','4','both'
'浮',	'1','4','both'
'混',	'1','4','both'
'温',	'1','4','both'
'焦',	'1','4','both'
'空',	'1','4','both'
'紛',	'1','4','both'
'細',	'1','4','both'
'緩',	'1','4','both'
'肥',	'1','4','both'
'背',	'1','4','both'
'貴',	'1','4','both'
'足',	'1','4','both'
'転',	'1','4','both'
'逃',	'1','4','both'
'速',	'1','4','both'
'過',	'1','4','both'
'閉',	'1','4','both'
'開',	'1','4','both'
'高',	'1','4','both'
'代',	'2','4','both'
'和',	'2','4','both'
'外',	'2','4','both'
'強',	'2','4','both'
'後',	'2','4','both'
'治',	'2','4','both'
'着',	'2','4','both'
'赤',	'2','4','both'
'重',	'2','4','both'
'静',	'2','4','both'
'分',	'3','4','both'
'初',	'1','5','both'
'広',	'1','5','both'
'懐',	'1','5','both'
'捕',	'1','5','both'
'縮',	'1','5','both'
'苦',	'1','5','both'
'薄',	'1','5','both'
'汚',	'1','6','both'
'交',	'1','7','both'
'冷',	'1','7','both'
'揺',	'1','7','both'
'上',	'2','8','both'
'明',	'2','9','both'
'下',	'2','X','both'
'生',	'2','X','both'
'掛',	'3','kun_only'
'卸',	'2','kun_only'
'鹿',	'2','kun_only'
'込',	'2','kun_only'
'据',	'2','kun_only'
'漬',	'2','kun_only'
'爪',	'2','kun_only'
'届',	'2','kun_only'
'畑',	'2','kun_only'
'丑',	'1','kun_only'
'且',	'1','kun_only'
'串',	'1','kun_only'
'乞',	'1','kun_only'
'但',	'1','kun_only'
'刈',	'1','kun_only'
'卯',	'1','kun_only'
'又',	'1','kun_only'
'咲',	'1','kun_only'
'坪',	'1','kun_only'
'垣',	'1','kun_only'
'埼',	'1','kun_only'
'堀',	'1','kun_only'
'塚',	'1','kun_only'
'姫',	'1','kun_only'
'娘',	'1','kun_only'
'宛',	'1','kun_only'
'岡',	'1','kun_only'
'岬',	'1','kun_only'
'峠',	'1','kun_only'
'崎',	'1','kun_only'
'嵐',	'1','kun_only'
'巳',	'1','kun_only'
'扱',	'1','kun_only'
'杉',	'1','kun_only'
'枠',	'1','kun_only'
'栃',	'1','kun_only'
'株',	'1','kun_only'
'梨',	'1','kun_only'
'棚',	'1','kun_only'
'浦',	'1','kun_only'
'滝',	'1','kun_only'
'潟',	'1','kun_only'
'瀬',	'1','kun_only'
'熊',	'1','kun_only'
'畝',	'1','kun_only'
'皿',	'1','kun_only'
'箱',	'1','kun_only'
'繰',	'1','kun_only'
'肌',	'1','kun_only'
'脇',	'1','kun_only'
'芋',	'1','kun_only'
'芝',	'1','kun_only'
'茨',	'1','kun_only'
'虞',	'1','kun_only'
'虹',	'1','kun_only'
'蚊',	'1','kun_only'
'貝',	'1','kun_only'
'鎌',	'1','kun_only'
'駒',	'1','kun_only'
'鶴',	'1','kun_only'
'法',	'3','on_only'
'質',	'3','on_only'
'丁',	'2','on_only'
'万',	'2','on_only'
'不',	'2','on_only'
'京',	'2','on_only'
'仁',	'2','on_only'
'依',	'2','on_only'
'児',	'2','on_only'
'兵',	'2','on_only'
'冊',	'2','on_only'
'凡',	'2','on_only'
'判',	'2','on_only'
'功',	'2','on_only'
'博',	'2','on_only'
'台',	'2','on_only'
'吉',	'2','on_only'
'唯',	'2','on_only'
'団',	'2','on_only'
'地',	'2','on_only'
'坊',	'2','on_only'
'壇',	'2','on_only'
'如',	'2','on_only'
'妄',	'2','on_only'
'姓',	'2','on_only'
'存',	'2','on_only'
'宗',	'2','on_only'
'客',	'2','on_only'
'対',	'2','on_only'
'封',	'2','on_only'
'工',	'2','on_only'
'幕',	'2','on_only'
'庫',	'2','on_only'
'役',	'2','on_only'
'律',	'2','on_only'
'性',	'2','on_only'
'怨',	'2','on_only'
'想',	'2','on_only'
'拍',	'2','on_only'
'拠',	'2','on_only'
'旦',	'2','on_only'
'旬',	'2','on_only'
'曽',	'2','on_only'
'期',	'2','on_only'
'格',	'2','on_only'
'模',	'2','on_only'
'権',	'2','on_only'
'武',	'2','on_only'
'歳',	'2','on_only'
'気',	'2','on_only'
'泌',	'2','on_only'
'漁',	'2','on_only'
'然',	'2','on_only'
'献',	'2','on_only'
'甲',	'2','on_only'
'画',	'2','on_only'
'疫',	'2','on_only'
'発',	'2','on_only'
'皇',	'2','on_only'
'益',	'2','on_only'
'礼',	'2','on_only'
'精',	'2','on_only'
'素',	'2','on_only'
'絵',	'2','on_only'
'罰',	'2','on_only'
'耗',	'2','on_only'
'臣',	'2','on_only'
'茶',	'2','on_only'
'虚',	'2','on_only'
'衆',	'2','on_only'
'象',	'2','on_only'
'財',	'2','on_only'
'遺',	'2','on_only'
'郷',	'2','on_only'
'鉢',	'2','on_only'
'雑',	'2','on_only'
'験',	'2','on_only'
'丙',	'1','on_only'
'両',	'1','on_only'
'丹',	'1','on_only'
'乙',	'1','on_only'
'了',	'1','on_only'
'予',	'1','on_only'
'亜',	'1','on_only'
'享',	'1','on_only'
'亭',	'1','on_only'
'介',	'1','on_only'
'仙',	'1','on_only'
'令',	'1','on_only'
'以',	'1','on_only'
'件',	'1','on_only'
'伐',	'1','on_only'
'伯',	'1','on_only'
'佐',	'1','on_only'
'佳',	'1','on_only'
'侯',	'1','on_only'
'俊',	'1','on_only'
'俗',	'1','on_only'
'信',	'1','on_only'
'俳',	'1','on_only'
'俸',	'1','on_only'
'個',	'1','on_only'
'倍',	'1','on_only'
'倫',	'1','on_only'
'倹',	'1','on_only'
'停',	'1','on_only'
'偵',	'1','on_only'
'偶',	'1','on_only'
'傑',	'1','on_only'
'債',	'1','on_only'
'像',	'1','on_only'
'僕',	'1','on_only'
'僚',	'1','on_only'
'僧',	'1','on_only'
'儀',	'1','on_only'
'億',	'1','on_only'
'儒',	'1','on_only'
'克',	'1','on_only'
'党',	'1','on_only'
'具',	'1','on_only'
'典',	'1','on_only'
'冗',	'1','on_only'
'准',	'1','on_only'
'処',	'1','on_only'
'凶',	'1','on_only'
'凸',	'1','on_only'
'凹',	'1','on_only'
'刊',	'1','on_only'
'刑',	'1','on_only'
'列',	'1','on_only'
'到',	'1','on_only'
'制',	'1','on_only'
'券',	'1','on_only'
'則',	'1','on_only'
'剖',	'1','on_only'
'剛',	'1','on_only'
'剤',	'1','on_only'
'副',	'1','on_only'
'剰',	'1','on_only'
'劇',	'1','on_only'
'労',	'1','on_only'
'劾',	'1','on_only'
'勅',	'1','on_only'
'勉',	'1','on_only'
'勘',	'1','on_only'
'勲',	'1','on_only'
'匠',	'1','on_only'
'区',	'1','on_only'
'医',	'1','on_only'
'匿',	'1','on_only'
'午',	'1','on_only'
'卒',	'1','on_only'
'卓',	'1','on_only'
'協',	'1','on_only'
'単',	'1','on_only'
'即',	'1','on_only'
'却',	'1','on_only'
'厄',	'1','on_only'
'厘',	'1','on_only'
'叔',	'1','on_only'
'叙',	'1','on_only'
'句',	'1','on_only'
'可',	'1','on_only'
'史',	'1','on_only'
'号',	'1','on_only'
'司',	'1','on_only'
'后',	'1','on_only'
'吏',	'1','on_only'
'吟',	'1','on_only'
'呂',	'1','on_only'
'呈',	'1','on_only'
'呉',	'1','on_only'
'員',	'1','on_only'
'哲',	'1','on_only'
'啓',	'1','on_only'
'喚',	'1','on_only'
'喝',	'1','on_only'
'喫',	'1','on_only'
'嗣',	'1','on_only'
'嘱',	'1','on_only'
'嚇',	'1','on_only'
'囚',	'1','on_only'
'圏',	'1','on_only'
'圧',	'1','on_only'
'均',	'1','on_only'
'坑',	'1','on_only'
'域',	'1','on_only'
'堂',	'1','on_only'
'堕',	'1','on_only'
'塀',	'1','on_only'
'塁',	'1','on_only'
'塑',	'1','on_only'
'塔',	'1','on_only'
'塾',	'1','on_only'
'墜',	'1','on_only'
'墳',	'1','on_only'
'墾',	'1','on_only'
'壌',	'1','on_only'
'士',	'1','on_only'
'壮',	'1','on_only'
'壱',	'1','on_only'
'央',	'1','on_only'
'奇',	'1','on_only'
'奈',	'1','on_only'
'奔',	'1','on_only'
'奨',	'1','on_only'
'奴',	'1','on_only'
'妃',	'1','on_only'
'妊',	'1','on_only'
'妙',	'1','on_only'
'妥',	'1','on_only'
'姻',	'1','on_only'
'威',	'1','on_only'
'娠',	'1','on_only'
'娯',	'1','on_only'
'婆',	'1','on_only'
'婚',	'1','on_only'
'婦',	'1','on_only'
'媒',	'1','on_only'
'媛',	'1','on_only'
'嫡',	'1','on_only'
'嬢',	'1','on_only'
'孔',	'1','on_only'
'孝',	'1','on_only'
'季',	'1','on_only'
'孤',	'1','on_only'
'宅',	'1','on_only'
'宇',	'1','on_only'
'完',	'1','on_only'
'官',	'1','on_only'
'宙',	'1','on_only'
'宜',	'1','on_only'
'宣',	'1','on_only'
'宰',	'1','on_only'
'害',	'1','on_only'
'宴',	'1','on_only'
'容',	'1','on_only'
'密',	'1','on_only'
'寛',	'1','on_only'
'察',	'1','on_only'
'寡',	'1','on_only'
'寧',	'1','on_only'
'審',	'1','on_only'
'寮',	'1','on_only'
'寸',	'1','on_only'
'将',	'1','on_only'
'尉',	'1','on_only'
'尚',	'1','on_only'
'尺',	'1','on_only'
'尿',	'1','on_only'
'局',	'1','on_only'
'屈',	'1','on_only'
'展',	'1','on_only'
'属',	'1','on_only'
'層',	'1','on_only'
'屯',	'1','on_only'
'岐',	'1','on_only'
'峡',	'1','on_only'
'崇',	'1','on_only'
'巨',	'1','on_only'
'希',	'1','on_only'
'帝',	'1','on_only'
'帥',	'1','on_only'
'師',	'1','on_only'
'席',	'1','on_only'
'帳',	'1','on_only'
'帽',	'1','on_only'
'幣',	'1','on_only'
'幽',	'1','on_only'
'庁',	'1','on_only'
'序',	'1','on_only'
'府',	'1','on_only'
'庶',	'1','on_only'
'康',	'1','on_only'
'庸',	'1','on_only'
'廉',	'1','on_only'
'廊',	'1','on_only'
'廷',	'1','on_only'
'弊',	'1','on_only'
'式',	'1','on_only'
'弐',	'1','on_only'
'弧',	'1','on_only'
'彰',	'1','on_only'
'往',	'1','on_only'
'征',	'1','on_only'
'径',	'1','on_only'
'徐',	'1','on_only'
'徒',	'1','on_only'
'復',	'1','on_only'
'循',	'1','on_only'
'微',	'1','on_only'
'徳',	'1','on_only'
'徴',	'1','on_only'
'徹',	'1','on_only'
'忠',	'1','on_only'
'念',	'1','on_only'
'恒',	'1','on_only'
'恩',	'1','on_only'
'悠',	'1','on_only'
'悦',	'1','on_only'
'惰',	'1','on_only'
'愉',	'1','on_only'
'意',	'1','on_only'
'愛',	'1','on_only'
'感',	'1','on_only'
'態',	'1','on_only'
'慢',	'1','on_only'
'慨',	'1','on_only'
'慮',	'1','on_only'
'慶',	'1','on_only'
'憲',	'1','on_only'
'憶',	'1','on_only'
'憾',	'1','on_only'
'才',	'1','on_only'
'扶',	'1','on_only'
'批',	'1','on_only'
'抄',	'1','on_only'
'把',	'1','on_only'
'抗',	'1','on_only'
'択',	'1','on_only'
'披',	'1','on_only'
'抵',	'1','on_only'
'抹',	'1','on_only'
'抽',	'1','on_only'
'拐',	'1','on_only'
'拓',	'1','on_only'
'拘',	'1','on_only'
'拡',	'1','on_only'
'括',	'1','on_only'
'拷',	'1','on_only'
'掌',	'1','on_only'
'排',	'1','on_only'
'措',	'1','on_only'
'揮',	'1','on_only'
'援',	'1','on_only'
'搬',	'1','on_only'
'搭',	'1','on_only'
'摂',	'1','on_only'
'摩',	'1','on_only'
'撤',	'1','on_only'
'撲',	'1','on_only'
'擁',	'1','on_only'
'擬',	'1','on_only'
'敏',	'1','on_only'
'敢',	'1','on_only'
'斉',	'1','on_only'
'斎',	'1','on_only'
'斗',	'1','on_only'
'料',	'1','on_only'
'斤',	'1','on_only'
'斥',	'1','on_only'
'旋',	'1','on_only'
'族',	'1','on_only'
'旧',	'1','on_only'
'昆',	'1','on_only'
'昨',	'1','on_only'
'昭',	'1','on_only'
'是',	'1','on_only'
'晩',	'1','on_only'
'普',	'1','on_only'
'景',	'1','on_only'
'晶',	'1','on_only'
'暫',	'1','on_only'
'曜',	'1','on_only'
'曹',	'1','on_only'
'服',	'1','on_only'
'朕',	'1','on_only'
'未',	'1','on_only'
'朱',	'1','on_only'
'朴',	'1','on_only'
'材',	'1','on_only'
'条',	'1','on_only'
'析',	'1','on_only'
'枚',	'1','on_only'
'枢',	'1','on_only'
'某',	'1','on_only'
'査',	'1','on_only'
'栓',	'1','on_only'
'校',	'1','on_only'
'核',	'1','on_only'
'栽',	'1','on_only'
'案',	'1','on_only'
'桟',	'1','on_only'
'械',	'1','on_only'
'棄',	'1','on_only'
'棋',	'1','on_only'
'棒',	'1','on_only'
'棺',	'1','on_only'
'検',	'1','on_only'
'楼',	'1','on_only'
'概',	'1','on_only'
'槽',	'1','on_only'
'標',	'1','on_only'
'樹',	'1','on_only'
'欄',	'1','on_only'
'欧',	'1','on_only'
'款',	'1','on_only'
'歓',	'1','on_only'
'歴',	'1','on_only'
'殉',	'1','on_only'
'段',	'1','on_only'
'毎',	'1','on_only'
'毒',	'1','on_only'
'汽',	'1','on_only'
'没',	'1','on_only'
'況',	'1','on_only'
'泰',	'1','on_only'
'洋',	'1','on_only'
'洪',	'1','on_only'
'活',	'1','on_only'
'派',	'1','on_only'
'浄',	'1','on_only'
'浪',	'1','on_only'
'涯',	'1','on_only'
'液',	'1','on_only'
'淑',	'1','on_only'
'渉',	'1','on_only'
'渓',	'1','on_only'
'湾',	'1','on_only'
'準',	'1','on_only'
'滋',	'1','on_only'
'演',	'1','on_only'
'漠',	'1','on_only'
'漢',	'1','on_only'
'漫',	'1','on_only'
'漸',	'1','on_only'
'濫',	'1','on_only'
'濯',	'1','on_only'
'炉',	'1','on_only'
'点',	'1','on_only'
'為',	'1','on_only'
'烈',	'1','on_only'
'燥',	'1','on_only'
'爆',	'1','on_only'
'爵',	'1','on_only'
'版',	'1','on_only'
'牲',	'1','on_only'
'特',	'1','on_only'
'犠',	'1','on_only'
'状',	'1','on_only'
'猛',	'1','on_only'
'猟',	'1','on_only'
'猶',	'1','on_only'
'獄',	'1','on_only'
'玄',	'1','on_only'
'王',	'1','on_only'
'珠',	'1','on_only'
'班',	'1','on_only'
'理',	'1','on_only'
'環',	'1','on_only'
'瓶',	'1','on_only'
'界',	'1','on_only'
'畔',	'1','on_only'
'畜',	'1','on_only'
'略',	'1','on_only'
'番',	'1','on_only'
'疾',	'1','on_only'
'症',	'1','on_only'
'痘',	'1','on_only'
'痢',	'1','on_only'
'痴',	'1','on_only'
'療',	'1','on_only'
'百',	'1','on_only'
'盆',	'1','on_only'
'盟',	'1','on_only'
'監',	'1','on_only'
'盤',	'1','on_only'
'盲',	'1','on_only'
'看',	'1','on_only'
'県',	'1','on_only'
'睡',	'1','on_only'
'督',	'1','on_only'
'睦',	'1','on_only'
'砲',	'1','on_only'
'硝',	'1','on_only'
'硫',	'1','on_only'
'碁',	'1','on_only'
'碑',	'1','on_only'
'磁',	'1','on_only'
'礁',	'1','on_only'
'祉',	'1','on_only'
'祖',	'1','on_only'
'祥',	'1','on_only'
'票',	'1','on_only'
'禁',	'1','on_only'
'禅',	'1','on_only'
'禍',	'1','on_only'
'福',	'1','on_only'
'科',	'1','on_only'
'秒',	'1','on_only'
'租',	'1','on_only'
'秩',	'1','on_only'
'称',	'1','on_only'
'税',	'1','on_only'
'稚',	'1','on_only'
'稿',	'1','on_only'
'穀',	'1','on_only'
'穫',	'1','on_only'
'窃',	'1','on_only'
'窒',	'1','on_only'
'章',	'1','on_only'
'符',	'1','on_only'
'第',	'1','on_only'
'策',	'1','on_only'
'箇',	'1','on_only'
'算',	'1','on_only'
'範',	'1','on_only'
'篤',	'1','on_only'
'簡',	'1','on_only'
'簿',	'1','on_only'
'籍',	'1','on_only'
'粛',	'1','on_only'
'粧',	'1','on_only'
'糖',	'1','on_only'
'系',	'1','on_only'
'糾',	'1','on_only'
'紀',	'1','on_only'
'約',	'1','on_only'
'紋',	'1','on_only'
'純',	'1','on_only'
'級',	'1','on_only'
'索',	'1','on_only'
'累',	'1','on_only'
'紳',	'1','on_only'
'紹',	'1','on_only'
'紺',	'1','on_only'
'給',	'1','on_only'
'維',	'1','on_only'
'緊',	'1','on_only'
'総',	'1','on_only'
'線',	'1','on_only'
'緯',	'1','on_only'
'績',	'1','on_only'
'繁',	'1','on_only'
'繊',	'1','on_only'
'缶',	'1','on_only'
'署',	'1','on_only'
'罷',	'1','on_only'
'羅',	'1','on_only'
'義',	'1','on_only'
'翁',	'1','on_only'
'翌',	'1','on_only'
'聖',	'1','on_only'
'職',	'1','on_only'
'肉',	'1','on_only'
'肖',	'1','on_only'
'肢',	'1','on_only'
'肪',	'1','on_only'
'肯',	'1','on_only'
'肺',	'1','on_only'
'胃',	'1','on_only'
'胆',	'1','on_only'
'胎',	'1','on_only'
'胞',	'1','on_only'
'胴',	'1','on_only'
'能',	'1','on_only'
'脈',	'1','on_only'
'脳',	'1','on_only'
'腸',	'1','on_only'
'膚',	'1','on_only'
'膜',	'1','on_only'
'臓',	'1','on_only'
'舎',	'1','on_only'
'舗',	'1','on_only'
'航',	'1','on_only'
'般',	'1','on_only'
'舶',	'1','on_only'
'艇',	'1','on_only'
'艦',	'1','on_only'
'芸',	'1','on_only'
'英',	'1','on_only'
'荘',	'1','on_only'
'菊',	'1','on_only'
'菌',	'1','on_only'
'菓',	'1','on_only'
'藩',	'1','on_only'
'虜',	'1','on_only'
'蛮',	'1','on_only'
'蜜',	'1','on_only'
'融',	'1','on_only'
'術',	'1','on_only'
'衛',	'1','on_only'
'衝',	'1','on_only'
'衡',	'1','on_only'
'衷',	'1','on_only'
'裕',	'1','on_only'
'製',	'1','on_only'
'複',	'1','on_only'
'褐',	'1','on_only'
'覇',	'1','on_only'
'規',	'1','on_only'
'視',	'1','on_only'
'覧',	'1','on_only'
'観',	'1','on_only'
'訂',	'1','on_only'
'訓',	'1','on_only'
'託',	'1','on_only'
'訟',	'1','on_only'
'証',	'1','on_only'
'詐',	'1','on_only'
'評',	'1','on_only'
'詞',	'1','on_only'
'詩',	'1','on_only'
'該',	'1','on_only'
'誌',	'1','on_only'
'誕',	'1','on_only'
'課',	'1','on_only'
'談',	'1','on_only'
'論',	'1','on_only'
'諸',	'1','on_only'
'諾',	'1','on_only'
'謁',	'1','on_only'
'謄',	'1','on_only'
'謙',	'1','on_only'
'講',	'1','on_only'
'識',	'1','on_only'
'譜',	'1','on_only'
'警',	'1','on_only'
'議',	'1','on_only'
'護',	'1','on_only'
'豪',	'1','on_only'
'貞',	'1','on_only'
'貨',	'1','on_only'
'販',	'1','on_only'
'貯',	'1','on_only'
'貿',	'1','on_only'
'賀',	'1','on_only'
'賃',	'1','on_only'
'資',	'1','on_only'
'賊',	'1','on_only'
'賓',	'1','on_only'
'賛',	'1','on_only'
'賞',	'1','on_only'
'賠',	'1','on_only'
'賦',	'1','on_only'
'購',	'1','on_only'
'赦',	'1','on_only'
'距',	'1','on_only'
'践',	'1','on_only'
'軌',	'1','on_only'
'軍',	'1','on_only'
'軸',	'1','on_only'
'較',	'1','on_only'
'輩',	'1','on_only'
'輸',	'1','on_only'
'轄',	'1','on_only'
'農',	'1','on_only'
'迅',	'1','on_only'
'迭',	'1','on_only'
'逐',	'1','on_only'
'逓',	'1','on_only'
'途',	'1','on_only'
'逮',	'1','on_only'
'週',	'1','on_only'
'逸',	'1','on_only'
'遇',	'1','on_only'
'遍',	'1','on_only'
'達',	'1','on_only'
'適',	'1','on_only'
'遵',	'1','on_only'
'遷',	'1','on_only'
'還',	'1','on_only'
'邦',	'1','on_only'
'邪',	'1','on_only'
'邸',	'1','on_only'
'郊',	'1','on_only'
'郎',	'1','on_only'
'郡',	'1','on_only'
'部',	'1','on_only'
'郭',	'1','on_only'
'郵',	'1','on_only'
'酪',	'1','on_only'
'酬',	'1','on_only'
'酵',	'1','on_only'
'酷',	'1','on_only'
'釈',	'1','on_only'
'鉄',	'1','on_only'
'鉱',	'1','on_only'
'銀',	'1','on_only'
'銃',	'1','on_only'
'銅',	'1','on_only'
'銘',	'1','on_only'
'錠',	'1','on_only'
'錬',	'1','on_only'
'錯',	'1','on_only'
'録',	'1','on_only'
'閑',	'1','on_only'
'閣',	'1','on_only'
'閥',	'1','on_only'
'閲',	'1','on_only'
'阪',	'1','on_only'
'附',	'1','on_only'
'陛',	'1','on_only'
'院',	'1','on_only'
'陣',	'1','on_only'
'陪',	'1','on_only'
'陳',	'1','on_only'
'陶',	'1','on_only'
'陸',	'1','on_only'
'陽',	'1','on_only'
'隆',	'1','on_only'
'隊',	'1','on_only'
'階',	'1','on_only'
'随',	'1','on_only'
'隷',	'1','on_only'
'隻',	'1','on_only'
'雅',	'1','on_only'
'雰',	'1','on_only'
'零',	'1','on_only'
'電',	'1','on_only'
'需',	'1','on_only'
'非',	'1','on_only'
'韓',	'1','on_only'
'韻',	'1','on_only'
'項',	'1','on_only'
'順',	'1','on_only'
'須',	'1','on_only'
'頑',	'1','on_only'
'頒',	'1','on_only'
'領',	'1','on_only'
'頻',	'1','on_only'
'題',	'1','on_only'
'顕',	'1','on_only'
'餓',	'1','on_only'
'駄',	'1','on_only'
'駅',	'1','on_only'
'駐',	'1','on_only'
'騎',	'1','on_only'
'騰',	'1','on_only'
'髄',	'1','on_only'
'魅',	'1','on_only'
'魔',	'1','on_only'
'齢',	'1','on_only'
